partido,news_index,similarity_to_centroid,titulo,data_publicacao,link,news_text
AVANTE,5,0.98097754,Projeto da deputada Leda Sadala que prevê medidas de combate à violência contra mulheres durante a pandemia é aprovado na câmara dos deputados,2020-05-22,https://avante70.org.br/noticias/projeto-da-deputada-leda-sadala-que-preve-medidas-de-combate-a-violencia-contra-mulheres-durante-a-pandemia-e-aprovado-na-camara-dos-deputados/,"Projeto da deputada Leda Sadala que prevê medidas de combate à violência contra mulheres durante a pandemia é aprovado na câmara dos deputados. Um passo importante para combater os números cada vez mais crescentes de violência contra à mulher no Brasil foi dado nesta quinta-feira (21), no Plenário da Câmara dos Deputados. Os parlamentares aprovaram o Projeto de Lei (PL) 1291/2020, de coautoria da deputada federal do Avante Leda Sadala, que torna essenciais os serviços e atividades relacionados à violência contra a mulher.
Com a proposta, estes serviços não poderão ser interrompidos durante a pandemia, assim como os serviços relacionados à violência contra idosos, crianças e adolescentes. Para isso, os órgãos de segurança deverão criar canais gratuitos de comunicação para atendimento virtual de situações que envolvam esta violência. Já o atendimento presencial deverá ser obrigatório para casos mais graves, como os que envolvem feminicídio; lesão corporal grave; lesão seguida de morte; ameaça com uso de arma de fogo; estupro; crimes sexuais contra menores de 14 anos ou vulneráveis e descumprimento de medidas protetivas.
Por fim, pelo texto aprovado, o governo deverá promover campanha sobre a prevenção destes crimes contra a mulher e sobre os canais disponíveis para denúncia neste período. A deputada federal Leda Sadala afirma que o projeto busca responder e acolher com mais agilidade às vítimas deste tipo de crime.
“Nas últimas semanas houve um crescimento da violência doméstica contra a mulher e por isso, a ação da nossa bancada feminina foi rápida e decisiva. Aprovamos um projeto que amplia o combate à violência doméstica durante a pandemia do Covid-19, determinando prioridade e respostas mais rápidas dos serviços de proteção e socioassistencial do governo. Se você ver ou ouvir uma violência contra a mulher denuncie”, pontua Leda."
CIDADANIA,21,0.98051053,Luiz Carlos Azedo: A charada do tsunami,2019-05-13,https://rede23.org/luiz-carlos-azedo-a-charada-do-tsunami/,"Luiz Carlos Azedo: A charada do tsunami. Luiz Carlos Azedo: A charada do tsunami
NAS ENTRELINHAS – CORREIO BRAZILIENSE
O presidente Jair Bolsonaro sempre cria uma polêmica ou gera um grande suspense quando participa de eventos ou concede entrevistas tipo “quebra-queixo” (aquelas improvisadas, nas quais é cercado por repórteres e fotógrafos). Dessa vez, foi na saída de um evento da Caixa Econômica Federal (CEF), na sexta-feira, ao comentar as derrotas do governo na comissão especial da Câmara que examinou a reforma administrativa de seu governo. Enigmaticamente, declarou: “Sim, talvez tenha um tsunami na semana que vem. Mas a gente vence esse obstáculo com toda certeza. Somos humanos, alguns erram, uns erros são imperdoáveis, outros, não.” É uma charada.
O que será esse tsunami? Pode ser uma rebordosa de alguma medida já tomada, como o corte de verbas das universidades, que está provocando grandes manifestações de protesto de estudantes, professores, funcionários e pais de alunos, ou o espanto causado, entre os defensores dos direitos humanos e autoridades do setor de segurança pública, pela liberação do porte de armas para cerca de 20 categorias profissionais, como advogados e caminhoneiros, e praticantes de tiro ao alvo. Será que vem por aí uma nova greve de caminhoneiros, um dos segmentos de sua base eleitoral?
Pode ser também alguma coisa ligada ao evento em si, como anunciar a venda dos ativos da Caixa Econômica Federal (CEF), cujas atividades ficariam restritas ao financiamento imobiliário, como pretende o secretário das Privatizações, Salim Mattar. Na quarta-feira, em fala aos jornalistas após a primeira reunião do Conselho do Programa de Parcerias de Investimentos (PPI), Mattar afirmou que é mais fácil para o governo vender participações em empresas, cujo prazo para conclusão do processo varia de 60 a 90 dias, do que a preparação de uma companhia estatal para venda, que demora de seis meses a um ano e meio, de forma a cumprir a legislação e as exigências dos órgãos de controle.
“Desinvestimentos acontecerão mais cedo, mas as privatizações vão acontecer. É uma questão de ajuste”, disse Mattar. Comparou os primeiros meses de gestão à preparação de uma orquestra sinfônica. “Nesses quatro meses de governo, estamos ensaiando para fazer essa orquestra funcionar, e vai funcionar”. Traduzindo, significa fazer uma lipoaspiração nas empresas estatais e mesmo na administração direta, vendendo ativos públicos, como no caso já citado da Caixa Econômica Federal (CEF). O governo planeja, por exemplo, focar o Banco do Brasil no crédito rural e a Petrobras, na exploração de Petróleo, desfazendo-se de outras atividades. Além disso, quer vender milhares de imóveis do patrimônio da União pelo país afora, começando pelos parques nacionais, santuários da nossa natureza.
Fricção política
A agenda do governo está mesmo repletas de temas polêmicos. “Na reforma da Previdência eu deixei mesmo o clima de Fla-Flu. É tudo ou nada”, declarou o ministro da Economia, Paulo Guedes, sexta-feira, no Banco Nacional de Desenvolvimento Econômico e Social (BNDES), durante o 31º Fórum Nacional, promovido pelo Instituto Nacional de Altos Estudos (Inae), no centro do Rio, para debater Previdência e macroeconomia. Ao reiterar a urgência das mudanças previdenciárias, o ministro voltou a falar que o governo Temer deu um passo à frente rumo ao equilíbrio fiscal ao estabelecer um teto de gastos, mas não ergueu “paredes” para segurá-lo. Por isso a urgência da reforma da Previdência”.
Voltemos à charada de Bolsonaro? Afora essas agendas, os três temas de muita fricção do momento são a crise na Venezuela, que deu uma desanuviada com a reabertura da fronteira em Roraima; o estresse com os militares, por causa do controle da política de comunicação do governo pelo ministro Santos Cruz, da Secretaria de Governo; e a Operação Lava-Jato, cuja força tarefa costuma retaliar os políticos sempre que seus objetivos são contrariados. As derrotas sofridas pelo ministro da Justiça, Sérgio Moro, na comissão especial da reforma administrativa, foram impostas por políticos que estão sendo investigados. Com a volta do ex-presidente Michel Temer à prisão, o julgamento do seu habeas corpus na próxima terça-feira, pelo Superior Tribunal de Justiça (STJ), exacerbará essas tensões.
Uma coisa é certa: Bolsonaro está firmemente decidido a promover uma guinada conservadora em relação aos costumes e às políticas públicas, em todas as áreas. Seus eleitores querem um estado capaz de manter a ordem, mas desprezam a política, os políticos e os partidos. É uma contradição: como ter um Estado mais eficiente, ou seja, que cumpra suas finalidades, e renegar os meios oferecidos pela democracia para que isso ocorra: o sistema político? Na democracia, é impossível; a dificuldade da democracia representativa hoje é essa, no mundo inteiro. (Correio Braziliense – 12/05/2019)
Informativo
Receba as notícias do Cidadania no seu celular!"
DEMOCRACIA CRISTÃ,29,0.9999999,"“Somos os únicos capazes de derrotar o PT”, diz Eymael - Democracia Cristã",2018-09-19,https://www.democraciacrista.org.br/somos-os-unicos-capazes-de-derrotar-o-pt-diz-eymael/,"“Somos os únicos capazes de derrotar o PT”, diz Eymael - Democracia Cristã. Em matéria publicada pelo Jornal Metro News, o Presidente Nacional da Democracia Cristã e Constituinte, José Maria Eymael fala sobre o cenário político brasileiro e sua plataforma de governo. Confira abaixo a entrevista na íntegra por Eurico Cruz, Raphael Pozzi e Vinícius Bacelar:
O gaúcho José Maria Eymael, conhecido principalmente pelo jingle de campanha “Ey, Ey, Eymael, um democrata cristão”, criado em 1985, chega a disputa de sua quinta eleição presidencial e garante: “somos os únicos capazes de derrotar o PT nas urnas”.
Crente de que o candidato petista Fernando Haddad (PT) herdará os votos do ex-presidente Lula (PT) e estará no segundo turno, Eymael acredita que seu partido, o Democracia Cristã, é prejudicado pela falta de espaço na televisão e no rádio, assim como pela recente reforma eleitoral, “feita para manter quem está no poder”, e que se muitos soubessem de sua história com certeza lhe confiariam o voto.
Segundo Eymael, sua legenda não está nem à esquerda e nem à direita. “A democracia cristã é uma força transformadora”, explicou o democrata. Entre suas principais propostas está a Reforma Tributária, para diminuir a pressão governamental sobre as empresas e colocar o Brasil para surfar nas “ondas do desenvolvimento”.
Eymael foi eleito, em 1986, deputado federal constituinte com 72.132 votos, tendo sido reeleito em 1990 com 34.191 sufrágios. Questionado se está na hora de rever a Constituição, o democrata cristão negou esta possível necessidade. “A Constituição precisa amadurecer, mas é a responsável pelo maior período democrático de nosso País”.
O que faltou para a Democracia Cristã crescer como outros partidos, a exemplo do PT, PSDB e MDB?
Então, hoje, o pouco tempo que nós temos é o grande obstáculo. Com as redes sociais, este problema é um pouco amenizado. Se eu tivesse tempo para falar o que fiz aos trabalhadores: aviso prévio proporcional ao tempo de serviço, redução da jornada de trabalho de 48 para 44 horas semanais, proteção contra demissão sem justa causa, a estimulação de lazer como promoção social e mecanismos para proteger a mulher no mercado de trabalho…Seria um outro universo. As pessoas me conhecem, mas não conhecem o conteúdo. É uma dificuldade.
E como driblar esta falta de tempo?
Redes sociais. Hoje, a minha fanpage tem participação do Brasil inteiro. Embora não tenha como negar a importância da TV. Tenho feito também a campanha corpo a corpo. Minha agenda está lotada: Brusque (SC), Brasília, Campinas, Cuiabá (MT). Não tem lugar em que eu me sinta melhor do que a rua.
Qual é o principal mote da sua campanha? Qual seria a primeira coisa que faria ao ser eleito?
Primeira coisa: montar um time do presidente. Reduzir 29 ministérios para 15. Não economiza quase nada, mas o presidente, assim, terá um time próximo, com pessoas que conversam diariamente com ele. Também tem que ser feita uma reforma tributária. Este sistema tributário que nós temos, com todas as mexidas que ele sofreu, esmaga as empresas. Tem que ser algo que o empresário entenda. Perde-se muito tempo só para entender o que se paga. O sistema também é muito injusto. Um comerciante da zona leste de São Paulo, por exemplo, recebe uma multa e tem quinze dias para recorrer. Até ele falar com o contador, o prazo já acabou. É preciso ter uma igualdade maior entre contribuinte e fisco.
E quais seriam os critérios para escolher este time do presidente?
Nenhuma indicação de partido político. Se eu me eleger presidente, eu me elejo de forma independente. Vou me eleger pela Democracia Cristã. Chega de indicação de partido político. Nós temos que buscar pessoas que tenham excelência na sua área de trabalho. É isto que tem que ser feito. Temos que conversar, respeitar opiniões diferentes, mas sempre ir para o diálogo preparado. Assim, você sensibiliza as pessoas. Na elaboração da Constituição, falaram que o nosso partido não tinha representatividade e que iríamos nos machucar. No final, fui um dos 15 deputados com mais propostas aprovadas. Sintetizando: o Legislativo legisla e fiscaliza. O Executivo governa. E o Judiciário julga.
O que é preciso fazer na questão da segurança?
Quem foi que propôs a criação do Ministério da Segurança Pública em 2010? Nós. A intenção era integrar as inteligências das forças de segurança do País – municipais, estaduais e federal. Colocar o Exército para fechar as fronteiras. Adotar procedimentos internacionais de sucesso em países desenvolvidos na área de segurança. Agora apresentaram o Ministério da Segurança Pública como se fosse uma novidade em 2018. O que vemos hoje é uma situação em que as polícias não se comunicam e não compartilham informações. Um Estado não está conjugado com os demais. Isso que gera esta insegurança nacional.
E na área da saúde?
Eu falo sempre na “Saúde da Inteligência”. É a saúde da prevenção. Tem que se prevenir, mas, na prática, isto não existe. Por exemplo, a falta de saneamento é uma das grandes causadoras de doenças no Brasil. Só que não se faz nada em termos de saneamento no País.
Qual a sua visão sobre o atentado a Jair Bolsonaro?
Nós tivemos uma posição oficial. É um retrato da insegurança do País. Veja o seguinte. O Bolsonaro estava cercado por 25 agentes da polícia federal. Vai alguém com uma faca e consegue atingir o Bolsonaro. O próprio discurso do Bolsonaro falando que a solução era armar todo mundo não é a solução.
O senhor é contra o armamento então?
Porte de armas seletivo. Que é mais ou menos o sistema que temos hoje. Só que nós temos que fazer que nem o sistema europeu. Você tem o porte de arma seletivo, mas a pessoa que tem periodicamente tem que demonstrar que tem condições de ter uma arma.
Em um segundo turno, quem o senhor apoiaria?
Hoje, o Haddad vai para o segundo turno e eu estou absolutamente convencido disso. E só a democracia cristã pode derrotar o Haddad. Nenhum outro candidato tem condições. O Lula vai transferir os votos. Hoje os jornais já dizem: um terço do eleitorado brasileiro já aceita votar em alguém indicado pelo Lula. Mesmo só com 9% ele já vence o Bolsonaro no segundo turno.
Por que?
Porque nós somos as conquistas sociais dos trabalhadores. O partido com a totalidade dos avanços sociais na Constituição, todos os avanços sociais dos trabalhadores presentes na Constituição são da Democracia Cristã. Num segundo turno, o tempo de TV é igual, não são mais os oitos segundo que nós temos.
E se o senhor não chegar no segundo turno, apoiaria outro candidato?
Se eu te responder esta pergunta eu já estaria aceitando não ir para o segundo turno (risos).
Quais estatais você manteria e quais você privatizaria?
Eu mantenho Petrobras, Banco do Brasil e Caixa Econômica Federal, por uma questão de segurança nacional. As demais eu ia fazer uma análise da vantagem de continuar com elas ou não.
Como o senhor trataria a questão dos refugiados venezuelanos?
Tem que acolhê-los e fazer uma distribuição dentro do território nacional. Mas o Brasil não pode ficar indiferente à situação da Venezuela, que é um regime ditatorial. No governo do PT houve uma certa condescendência. O Temer poderia ter um certo posicionamento.
Qual sua posição sobre a Reforma Trabalhista?
Em termos gerais eu acho que houve um avanço. Dando um pouco mais de liberdade na relação entre patrão e empregado. O que eu acho que foi um erro foi o corte abrupto do imposto sindical, sem uma transição, sem dar uma chance para os sindicatos se adequarem e criarem novas fontes de receita. O estrago já está feito. Tem que fazer um amplo debate nacional para ver como os sindicatos vão se manter.
É preciso fazer a Reforma da Previdência?
Tem que fazer. O problema fundamental é o período de vida mais longo. A previdência foi calculada com base em um período mais curto. Tem que ter uma elevação na idade mínima e tem que ter uma transição inteligente. A Previdência está quebrada. Tem que ter reforma, mas também tem que cobrar quem está devendo.
Como o senhor avalia os resultados do último impeachment?
Olha os dois anos do Temer. Tinha que ter sido mais transparente o sistema de impeachment. Uma análise realmente, uma comprovação de desvio. Aquilo foi carta marcada com o vice-presidente tramando para tomar o lugar da presidente. Nós defendíamos, em 2016, a convocação de novas eleições. A coisa foi alongando, o TSE acabou não julgando, com o MDB articulado para tomar conta do governo.
Foi um golpe então?
Foi indecente.
O que o senhor pretende fazer para gerar emprego?
Emprego é fruto do desenvolvimento. Tem algumas medidas que podem ser tomadas. Uma delas, eu coloquei que o ICMS pode ser seletivo, menor, para os produtos mais necessários, como no caso dos genéricos, em São Paulo. A cesta básica da constituição poderia ter este critério. O setor que mais reage é a construção civil. Ter uma redução no ICMS da Construção Civil poderia ser um avanço. Outra questão é a seguinte. Hoje tem financiamento, a pessoa tem que ter 20% para comprar o imóvel. Ela não compra. Se ela tivesse 100% de financiamento ela passaria a ter este financiamento e pagaria um valor inferior ao que paga de aluguel. O risco para os bancos é zero porque tem a garantia do imóvel.
Mas hoje os juros são elevadíssimos. A parcela ainda fica, muitas vezes, muito mais alta o que o aluguel. Como resolver isto?
Aí você entra em uma outra área. A falta de renda não pode representar a falta de moradia. Isto é básico, é fundamental. Hoje, se você não tem renda, você não tem moradia. Este é um problema de gestão pública.
Fonte: https://metronews.com.br/nacional/somos-os-unicos-capazes-de-derrotar-o-pt-diz-eymael"
MOVIMENTO DEMOCRÁTICO BRASILEIRO,38,0.97983575,Meirelles Propõe Renegociação De Dívidas De Pessoas Físicas - MDB - Movimento Democrático Brasileiro,2018-08-29,https://www.mdb.org.br/meirelles-propoe-renegociacao-de-dividas-de-pessoas-fisicas/,"Meirelles Propõe Renegociação De Dívidas De Pessoas Físicas - MDB - Movimento Democrático Brasileiro. O candidato do MDB à Presidência da República, Henrique Meirelles, propôs criar um programa de renegociação de dívidas para as pessoas físicas, como já foi feito para as empresas. Ele não detalhou sua proposta, mas se disse comprometido com a diminuição dos juros e aumento do crédito para que as pessoas possam sair da “bola de neve” das dívidas. Para isso, defendeu o candidato, o país deve voltar a crescer e a gerar empregos.
A proposta de Meirelles de socorrer os endividados foi apresentada na entrevista exclusiva concedida aos veículos da Empresa Brasil de Comunicação (EBC), nesta segunda-feira (27). Ele foi o terceiro presidenciável a participar da série de entrevistas, levadas ao ar, às 17h30, com transmissão da TV Brasil, Rádio Nacional, Portal EBC e Agência Brasil.
Participaram da entrevista Roseann Kennedy, mediadora, Luiza Damé, da Agência Brasil, Valter Lima, da Rádio Nacional, e Adalberto Piotto, da TV Brasil.
Dividida em três blocos que somam 45 minutos, foi realizada ao vivo na sede da EBC, em Brasília. O objetivo da série de entrevistas é mostrar à população as propostas e ideias de todos os candidatos, enriquecendo o debate dos grandes temas nacionais.
O ex- ministro da Fazenda disse ter credibilidade, inclusive no exterior, para manter o dólar estável e assegurar investimentos estrangeiros e crescimento econômico. “Uma das consequências é que o dólar cai”, afirmou. Em suas considerações finais, o candidato disse ter dez anos de vida pública e 33 anos de trabalho no setor privado, não tendo nenhum processo. “Portanto, sou candidato ficha limpa”, destacou. “Com o ex-presidente Lula, criamos 10 milhões de empregos. Depois com o presidente Temer, criamos mais 2 milhões de empregos”, afirmou.
A seguir, os principais temas da entrevista:
Criação do SUSP
Sobre o Sistema Único de Segurança Pública (SUSP), a ideia de Henrique Meirelles é implantar um sistema de informação centralizada, que dê em tempo real as informações das principais ocorrências, podendo ser usado para a saúde e para a educação.
Intervenção no Rio de Janeiro
Defendeu a intervenção federal no Rio de Janeiro. “Uma criança é assassinada e nem se cogita achar quem atirou. Foi uma medida absolutamente necessária”, disse. “Mas temos de equipar a polícia e contratar mais efetivo. Mas tudo começa com a economia. O país precisa crescer, aumentar arrecadação”.
Porte de armas
Em relação ao porte de armas, defendeu a atual legislação. Segundo ele, a experiência no Brasil mostra como o porte de armas leva a “situações de calamidade”. “Temos que ter a polícia para garantir a segurança das pessoas e não voltar a selvageria. Isso é obrigação do Estado”.
Redução da maioridade penal
Henrique Meirelles defende que não é a solução, mas tem que aumentar a penalização dos jovens de alguma forma. “No Brasil, isso tem se mostrado uma má experiência”, afirmou. “[os jovens] ficam nas cadeias empilhados com facções criminosas e saem pior”.
Saúde
Sobre o SUS, Meirelles defendeu uma mudança que melhore a estrutura administrativa e a informatização. Deu como exemplo a adoção de um cartão único, que registra todo histórico do paciente.
“Se nós temos eficiência para transportar órgãos, isso significa que temos tecnologia para atender um paciente num posto de saúde de uma cidade do interior”, afirmou Meirelles. Ele se mostrou contrário à cobrança nos hospitais e defendeu a universalidade dos SUS. Mostrou-se contrário também à recriação da CPMF.
Em relação a ampliar o atendimento do SUS por meio de entidades privadas, Meirelles entende que convênios com essas entidades provam que é possível fazer atendimento de qualidade com custo menor.
Aborto
Sobre a descriminalização do aborto, Meirelles disse que defende o direito à vida e também o direito da mulheres, mas ressaltou que entende as posições de igrejas sobre o tema.
Teto de gastos
Defendeu o teto de gastos, reafirmando que no caso da saúde e educação “é um piso – e não teto”. O emedebista disse que é preciso aumentar o tamanho do “cobertor”, com crescimento econômico, para que os municípios possam ter mais dinheiro e investir na área social.
Educação
Defendeu investimento no ensino profissionalizante e nas creches. “Proponho a criação do Pró-Creche”, anunciou. Falou também em um “Prouni” para escola infantil, com avaliação do desempenho do ensino .Disse que o Fies, que financia vagas no ensino superior privado, hoje “está na direção certa”.
Bolsa Família
Meirelles defende a criação de porta de saída para o Bolsa Família. Segundo ele, uma boa experiência é o programa “Progredir”, efetivado pelo atual governo.
Juros altos e endividamento
Meirelles classificou os juros (do cartão de crédito) de “altíssimos”. “Tem de cair e isso cai com estabilidade da economia”, afirmou. Ele defendeu a expansão de fintechs, empresas que emprestam com juros mais baixos, e competem com os bancos, oferecendo mais crédito. “Agora, país quebrado não ajuda ninguém”, observou. Ele prometeu “fazer um programa de renegociação de dívidas especial para pessoas físicas, como já foi feito com empresas.”
Salário mínimo e empregos
Meirelles afirmou que a política do salário mínimo “com ganho real acima da inflação” é adequada, mas o Brasil precisa crescer para que as empresas consigam pagar o valor. Ele reafirmou sua promessa de criar 10 milhões de empregos em quatro anos, se for eleito. Lembrou que criou empregos nos governos Lula e Temer. Para a recuperação da economia, o candidato disse que “o caminho é política econômica correta e incentivo direto”, além da retomada de obras.
Reforma da Previdência
Considerou adequada a proposta enviada pelo governo ao Congresso. Lembrou que 70% dos que aposentam com menor idade são os que têm renda mais elevada. “Existe uma injustiça que tem de ser eliminada. E precisamos garantir que todos possam receber renda [no futuro]”, disse. Ele destacou que na proposta em discussão no Congresso a idade mínima para aposentadoria começa em 55 anos para homem e 53 anos para a mulher e vai subindo devagar até chegar 65 anos para homem e 62 para mulher.
Reforma Trabalhista
É um processo dinâmico, que precisa ser aperfeiçoado. “Temos de assegurar uma legislação para que o trabalhador possa ter a liberdade de optar por aquilo ou não”.
Imigrantes venezuelanos
Ao sair da entrevista na EBC, o candidato Henrique Meirelles ainda comentou a decisão do senador Romero Jucá (MDB), presidente de seu partido, que anunciou o desligamento da liderança do governo por discordar das medidas adotadas pelo governo federal em relação aos imigrantes venezuelanos.
“Eu entendo a reação do senador porque a situação de Roraima é muito grave, é muito séria e não tem condições de receber tantos refugiados”, disse, salientando que a situação humanitária é dramática.
O candidato defendeu a redistribuição dos imigrantes por todo o país, para estados com mais recursos, ressaltando que o estado de Roraima está sobrecarregado. “Roraima está sobrecarregada e a população está sendo prejudicada, isso não é possível. De outro lado, temos que atender humanitariamente”.
Fonte: Agência Brasil – Empresa Brasil de Comunicação (EBC)
Confira a entrevista completa:
https://www.youtube.com/watch?v=jSiwBlkFVR0"
PARTIDO COMUNISTA BRASILEIRO,147,0.980986,Revolução Cubana: 65 anos,2024-01-02,https://pcb.org.br/portal2/31210,"Revolução Cubana: 65 anos. Aqui seguimos
A tranquilidade cidadã, a vontade de resistir e procurar alternativas são prova da confiança que se tem na direção do país
Antonio Rodríguez
O povo cubano, na sua grande maioria, permanece firme com sua Revolução e consciente de que juntos conseguirão uma saída para a difícil situação socio-econômica. Segundo as previsões ianques, a Revolução Cubana deveria ter caído há muitos anos. A “solução” para derrubá-la foi fornecida pelo subsecretário de Estado Lester Mallory, em 6 de abril de 1960, num memorando dirigido ao presidente dos EUA, Dwight D. Eisenhower:
“A maioria dos cubanos apoia Castro… a única forma previsível de reduzir o seu apoio interno é através do desencanto e da insatisfação decorrentes do mal-estar econômico e das dificuldades materiais… todos os meios possíveis devem ser rapidamente usados para enfraquecer a vida econômica de Cuba… linha de ação que, sendo a mais hábil e discreta possível, deve conseguir os maiores avanços no sentido de privar Cuba de dinheiro e de abastecimentos, para reduzir os seus recursos financeiros e salários reais, provocar a fome, o desespero e a derrubada do Governo.”
A tal política, já em si assassina, juntou-se um plano secreto, denominado Operação Plutão, através do qual a CIA foi encarregada de criar uma organização paramilitar para derrotar o Governo Revolucionário. Armas e explosivos foram colocados nas mãos da subversão interna, que só nos meses anteriores à invasão de Girón provocou 110 ataques de dinamite, a detonação de 200 bombas, 950 incêndios e seis descarrilamentos de comboios, que deixaram centenas de civis mortos.
A história é conhecida, mas deve ser sempre lembrada: uma máquina de propaganda imperial bem azeitada finge que a vítima é culpada e o ato heróico vira um fracasso. Lança uma guerra psicológica permanente, para gerar confusão no nosso país.
Após a vitória em Girón, veio a Crise dos Mísseis; depois, bandos de rebeldes que assassinaram camponeses e professores, centenas de atos terroristas como a queda de um avião civil em pleno voo, o incêndio de uma creche cheia de crianças, a epidemia de dengue hemorrágica, que ceifou a vida de 101 bebês. Além disso, ao longo destes anos, as medidas de bloqueio econômico aumentaram até ao absurdo.
Queria focar meu artigo em 2023, um ano difícil, mas quando um desses 64 anos não foi difícil? A questão que me assalta repetidamente é: como que, apesar deste ataque colossal e sistemático contra a nossa economia, irresistível para qualquer nação do mundo, a Revolução ainda permanece?
Muitas companhias marítimas recusam-se a transportar as nossas mercadorias por causa da Lei Torricelli; a Lei extraterritorial Helms-Burton desencoraja o investimento estrangeiro e os bancos internacionais não processam as nossas contas em dólares, porque o país mais terrorista do mundo nos acusa de patrocinar o terrorismo.
Acrescentemos que a economia nacional ainda não se recuperou das consequências da pandemia, enquanto as guerras devido aos conflitos entre potências dispararam os preços dos combustíveis e das matérias-primas.
Neste cenário, sofremos uma grave escassez de fertilizantes, alimentos, combustíveis e outros suprimentos vitais para a nossa nação.
Como resistimos? Como conseguimos proteger a população e seguir em frente? Se lermos alguns meios de comunicação estrangeiros, parece que vivemos no meio de uma fome generalizada. Certamente vivemos em meio à escassez, mas há algo de errado com estes meios de comunicação: não podem nos fornecer o testemunho de uma única pessoa que morreu de fome; nem mesmo a imagem de uma criança desnutrida por não ter acesso à alimentação.
Não escapamos aos ciclones este ano. No final de agosto, a província de Pinar del Río foi atingida pelo furacão Idalia. Milhares de casas foram danificadas, mas mais uma vez a solidariedade do nosso povo e a eficácia da nossa experiente Defesa Civil foram evidentes.
Os inimigos que apostavam no colapso do sistema financeiro nacional, devido à grave falta de dinheiro, ficaram mais uma vez decepcionados após o processo bancário iniciado em 2 de agosto. Como sempre, lançaram uma campanha midiática contra a medida, mas não conseguiram confundir a maioria da população.
Conhecemos nossas deficiências. Faltam medicamentos, a situação dos transportes é tensa, o déficit de ofertas gera inflação elevada, enquanto o Sistema Elétrico Nacional não cobre toda a demanda e, embora os apagões já não sejam tão graves, a incerteza persiste.
Mas a maioria do povo continua a apoiar a sua Revolução. A tranquilidade cidadã, a vontade de resistir e de procurar alternativas são a prova da confiança que temos nos rumos do país.
A pergunta que, enquanto escrevo, me coloco: como permanece a Revolução? Como seguimos lutando, apesar das dificuldades, suportando este ataque colossal e sistemático à economia, irresistível para qualquer nação do mundo?
Talvez não encontremos resposta no alheio, mas naqueles que vivem orgulhosos a sua cultura, os seus heróis e a sua história. Por causa desse legado, ainda estamos aqui."
PARTIDO COMUNISTA DO BRASIL,303,0.9789399,Você pesquisou por porte de armas - Página 3 de 37 - PCdoB,2022-09-06,https://pcdob.org.br/page/3/?s=porte+de+armas,"Você pesquisou por porte de armas - Página 3 de 37 - PCdoB. No país do bolsonarismo, empresa faz promoção de armas pelo 7 de Setembro
Reflexo de um Brasil marcado pelo incentivo ao uso de armas emanado pelo próprio presidente, Taurus faz promoção de fuzis e carabinas para “comemorar” a Independência
Exibindo 36 de 434 resultados
Alegação do regime Zelensky, corroborada pelo New York Times, sobre ‘ataque russo a civis em Chasiv Yar’ no sábado, acabou sendo desmascarada, sem que tivesse notado a tempo de censurar, por uma correspondente do jornal na região, transcrita por um vacilo da edição. O NYT primeiro descreveu que “equipes de resgate trabalharam no domingo e na segunda-feira para retirar os […]
A Associação dos Delegados da Polícia Federal (ADPF) divulgou uma nota, na última quinta-feira (19), afirmando que a categoria vai continuar mobilizada até que Bolsonaro cumpra a promessa de viabilizar a reestruturação da carreira com a garantia de reposição das perdas salariais. Os delegados ainda mandaram um recado ao presidente da República, afirmando que a PF não existe para servir […]
Um grande lote de armas e munições enviados para Kiev por países ocidentais foi destruído no sudeste da Ucrânia na quarta-feira (27), anunciou o Ministério da Defesa da Rússia. Um armazém militar instalado no território da fábrica de alumínio industrial Zaporozhye foi atingido por mísseis Kalibr, disparados de navios da Marinha Russa no Mar Negro. A instalação abrigava “um grande […]
“Os Estados Unidos têm espalhado informações falsas contra a China sobre a questão da Ucrânia recentemente, com intenções sinistras”, disse o porta-voz do Ministério das Relações Exteriores, Zhao Lijian, na segunda-feira (14), respondendo à pergunta de um repórter estrangeiro sobre se a China ajudará a Rússia com armas, como propalaram relatos da mídia ocidental. “A posição da China sobre a […]
O líder presidente mexicano López Obrador defendeu sua posição em relação ao conflito iniciado na Ucrânia em 24 de fevereiro. “O México é um país pacifista que escolheu a não-violência e somos a favor do diálogo, não da guerra. Não enviamos armas para nenhum país sob nenhuma circunstância, como você [UE] está fazendo agora”, afirmou o presidente ao rebater críticas […]
As medidas do governo Bolsonaro que facilitaram o acesso às armas fez com que as milícias e facções criminosas ampliassem seu arsenal. Pessoas com certificado de Caçador, Atirador e Colecionador (CAC), também privilegiadas por decisões de Jair Bolsonaro, têm vendido armas compradas legalmente para criminosos. Um levantamento feito pelo jornal O Globo mostrou como as decisões de Jair Bolsonaro beneficiaram […]
O governo Jair Bolsonaro (PL) está trabalhando uma proposta de anistia a quem tem armas de fogo irregulares. O ministro da Justiça e Segurança Pública, Anderson Torres, diz que levará a Bolsonaro a proposta de elaboração de uma medida provisória. “É uma questão fundamental regularizar essas armas, para que possamos saber onde estão e a quem pertencem. Hoje não temos […]
Em uma conversa memorável na quinta-feira (3), o porta-voz do Departamento de Estado, Ned Price, foi desafiado por Matt Lee, da Associated Press, por vender alegações infundadas sobre um ataque iminente da Rússia à Ucrânia ao público como “fatos” baseados em “informações desclassificadas”. Ned Price – um ex-agente da CIA – apareceu diante da imprensa, declarando: “Os Estados Unidos têm […]
O papa Francisco condenou, durante um compromisso em Bari, no sul da Itália, que os países gastem “enormes somas de dinheiro” em armamentos enquanto proclamam a paz nas cúpulas internacionais. “Infelizmente, ainda hoje, depois de duas guerras mundiais cruéis e de tantas guerras regionais que destruíram povos e países, há Estados que ainda gastam enormes somas de dinheiro em armamento”, […]
Os presidentes Vladimir Putin (Rússia) e Joe Biden (Estados Unidos) concluíram nesta quarta-feira (16) sua primeira cúpula em Genebra, na Suíça, com as duas partes considerando as conversações “cordiais” e “construtivas”. A retomada dos respectivos embaixadores aos seus postos é a primeira manifestação desse princípio de entendimento, após meses de tensões com as relações entre as duas maiores potências nucleares […]
O senador democrata Richard Blumenthal classificou a bancada republicana de cúmplice de assassinato em massa, após duas chacinas em uma semana por atiradores ensandecidos, com 18 mortos ao todo, trazerem à tona a chaga da violência armada no país. Blumenthal disse que os republicanos são “cúmplices” da violência armada nos EUA porque “eles não apoiarão os projetos de controle de […]"
PARTIDO DA CAUSA OPERÁRIA,313,0.97977614,Abaixo a agressão imperialista contra a Venezuela - Partido da Causa Operária,2025-12-13,https://pco.org.br/2025/12/13/abaixo-a-agressao-imperialista-contra-a-venezuela/,"Abaixo a agressão imperialista contra a Venezuela - Partido da Causa Operária. O presidente dos Estados Unidos, Donald Trump, confirmou a autorização de operações secretas da CIA na Venezuela, no mesmo momento em que navios de guerra, um submarino nuclear e bombardeiros B-52 estão patrulhando o Caribe, sob o pretexto de combater o narcotráfico.
Desde o começo de setembro, tropas dos EUA já afundaram embarcações na região. Foram mais de vinte ataques que mataram mais de 80 pessoas, incluindo pescadores e outros, o que caracteriza crime de guerra contra embarcações desarmadas. Além disso, o imperialismo roubou uma embarcação petroleira sem qualquer motivo, o que configura um crime comum, um ato puro e simples de pirataria.
O verdadeiro motivo nada tem a ver com tráfico de drogas, mas sim visa a derrubada do governo de Nicolás Maduro e o controle do país que tem a maior reserva de petróleo certificada do mundo.
Segundo o Instituto Brasileiro de Petróleo e Gás (IBP), o país vizinho tem reservas de 303,8 bilhões de barris de petróleo, enquanto as atuais reservas comprovadas do Brasil são de cerca de 12 bilhões de barris (16ª posição no mundo).
Ao mesmo tempo, passou a atacar o governo da Colômbia, acusando sem provas também o presidente Gustavo Petro de ser traficante.
Tudo feito em afronta à própria legislação internacional, que não reconhece o direito de que os EUA ou qualquer outro país invada e mate cidadãos de outros países com os quais sequer está em guerra.
Estas acusações ocultam o fato de que os EUA são o maior mercado consumidor de drogas do mundo e, portanto, a principal causa do tráfico de drogas mundial.
Fábrica de agressões
A história da CIA na América Latina é repleta de violência e manipulação para proteger interesses econômicos e políticos dos EUA.
Quase não há país no nosso continente em que a CIA já não tenha organizado golpes de Estado. No Brasil, isso já aconteceu, com êxito, em pelo menos quatro oportunidades: 1945, 1954,1964 e 2016, além de várias outras tentativas de golpe.
Além disso, o imperialismo, capitaneado pelos EUA, impõe os criminosos embargos e bloqueios contra países que se opõem à política do imperialismo, como Cuba, Venezuela e Nicarágua. A mesma política que é adotada contra outros países pobres que se opõem à política de dominação imperialista em todo o mundo, como Irã, Rússia, China etc.
Criminosos
Sobre a autorização de operações ilegais e terroristas da CIA na Venezuela, o presidente Nicolás Maduro afirmou ser um ataque sem precedente:
“Eles sempre fizeram isso, mas nenhum governo anterior, desde que a CIA foi estabelecida, alguma vez disse publicamente que ordenou à CIA para matar, derrubar e destruir países”. Quanto ao assalto a mão armada do navio petroleiro, o presidente da Venezuela declarou: “ficaram finalmente expostas as verdadeiras razões da agressão prolongada contra a Venezuela. Não é a migração. Não é narcotráfico. Não é a democracia. Não são os direitos humanos. Sempre se tratou de nossas riquezas naturais, do nosso petróleo, da nossa energia, dos recursos que pertencem exclusivamente ao povo venezuelano.”
Mobilização nacional
Maduro convocou as milícias populares (com mais de 4,5 milhões de civis armados), está mobilizando mais 8 milhões de reservistas, abriu mais de mil postos de alistamento e vem realizando inúmeros atos massivos, levantando a população contra o imperialismo agressor.
Além disso, o presidente da Venezuela declarou: “temos mais de 237 mil comitês bolivarianos de base integral e 47 mil comandos bolivarianos de comunidade”.
E nós dissemos: é assim que se combate o imperialismo!
Os mesmos genocidas de Gaza
Trata-se claramente de uma política de saque, de colonialismo e roubo, que se intensifica por conta da brutal crise do imperialismo.
Para defender os lucros de um punhado de monopólios (bancos, indústrias de armas, do petróleo etc.), buscam impor ao mundo uma contraofensiva com guerras e golpes por todos os lados.
São os mesmos responsáveis, junto com o governo nazissionista de “Israel”, por despejarem mais de 100 mil toneladas de bombas em Gaza e matarem mais de 167 mil pessoas, segundo a ONU.
A ofensiva contra a Venezuela e a América Latina cresce no momento em que o imperialismo está sendo derrotado na Palestina, pela heroica Resistência liderada pelo Hamas, e na Ucrânia, pela guerra libertadora levada adiante pela Rússia.
Nosso dever: ganhar as ruas em defesa da Venezuela
O ataque à Venezuela é uma agressão do imperialismo, ou seja, da ditadura mundial, contra um povo oprimido. Além disso, não tenhamos ilusões, a agressão contra o país vizinho é um ataque à soberania de todos os países da região, em primeiro lugar o Brasil.
Para detê-lo, é necessária uma reação contundente das organizações de luta de toda a América Latina contra as ameaças e agressões do imperialismo.
Façamos como os venezuelanos.
É preciso convocar atos nas principais capitais, constituir Comitês de Luta e realizar uma campanha nacional de mobilização entre os trabalhadores e a juventude, nos locais de trabalho, estudo, moradia etc.
É necessário também exigir do governo Lula que rompa com a atual política de pseudo neutralidade, porque não há neutralidade possível numa luta entre um país oprimido e o imperialismo, e adote uma posição concreta de irrestrita solidariedade aos nossos irmãos venezuelanos.
A unidade dos povos oprimidos é uma arma fundamental para enfrentar e derrotar a ofensiva do imperialismo contra a Venezuela, o Brasil e toda a América Latina.
ABAIXO A AGRESSÃO IMPERIALISTA CONTRA A VENEZUELA
FORA O IMPERIALISMO DA AMÉRICA LATINA, DA PALESTINA E TODO APOIO À LUTA DOS POVOS PELA SUA LIBERTAÇÃO"
PARTIDO DA SOCIAL DEMOCRACIA BRASILEIRA,334,0.98083377,"""Desarmamento"", por Aécio Neves | PSDB – Partido da Social Democracia Brasileira",2013-03-25,https://www.psdb.org.br/acompanhe/artigos/desarmamento-por-aecio-neves/,"""Desarmamento"", por Aécio Neves | PSDB – Partido da Social Democracia Brasileira. “Desarmamento”, por Aécio Neves
Artigo do senador publicado nesta segunda-feira (25) no jornal Folha de S. Paulo
Artigo do senador Aécio Neves publicado nesta segunda-feira (25) no jornal Folha de S. Paulo
Nosso Estatuto do Desarmamento completa dez anos neste 2013. Não há dúvida de que trouxe mais controle e rigor para a posse, o porte e a comercialização de armas.
Dados oficiais mostram que, entre 2004 e o começo de 2013, mais de 600 mil armas foram entregues voluntariamente pela população. É um resultado que, à primeira vista, pode impressionar, mas ainda muito distante dos 15 milhões de armas de fogo nas mãos de civis.
Na forma como foi proposto, mediante entrega voluntária, o estatuto tem se mostrado ineficaz para fazer frente à magnitude dos problemas graves na área de segurança, assim como ocorreu em outros países que experimentaram este modelo.
Para justificar a acomodação de Brasília nessa área, utiliza-se como argumento a vastidão das fronteiras nacionais e a dificuldade de conter o contrabando. Sem entrar no mérito da absurda fuga de responsabilidade em fiscalizar nossas fronteiras, caminho livre para as drogas e armamento de todo tipo, a questão é que, neste caso, as pesquisas atestam que grande parte das armas é de produção nacional. O problema é de natureza doméstica, portanto.
A paralisia na esfera federal se converte em leniência do governo, ao tentar se livrar da questão da segurança como se fosse um “abacaxi” a ser resolvido pelos governos estaduais, já que a atribuição do papel de polícia Civil e Militar está nesse âmbito por definição constitucional.
O governo federal precisa assumir seu papel coordenador no combate à criminalidade, agindo de maneira sistêmica em pelo menos duas frentes.
Apoiando com firmeza a integração das ações entre as forças de segurança, inclusive as estaduais -um trabalho que já tem resultados muito positivos, a partir do compartilhamento de inteligência e de recursos. E também na expansão e melhoria do sistema prisional, um esforço decisivo para golpear o crime organizado, que comanda o banditismo de dentro para fora.
A outra forma de contribuir é eliminando o crônico contingenciamento das receitas existentes, já insuficientes. Inacreditavelmente, cerca de 80% de tudo o que se investe no setor vêm dos cofres municipais e estaduais e, ainda assim, a União vem reduzindo os seus investimentos em segurança.
Nessa área, infelizmente, o Brasil nunca teve uma política consistente e integrada.
Nos últimos anos, tem-se preferido adotar estratégias midiáticas em vez de ações estruturantes. Essas devem ser construídas no dia a dia das organizações policiais em integração com o governo federal -são menos visíveis, mas muito mais eficazes.
As 39 mil mortes causadas por armas de fogo por ano no país não podem continuar encobertas pela omissão e um silêncio inaceitáveis."
PARTIDO DEMOCRÁTICO TRABALHISTA,485,0.9813255,Ciro promete desarmamento civil e reestruturação do sistema de segurança - PDT,2021-10-13,https://pdt.org.br/index.php/ciro-promete-desarmamento-civil-e-reestruturacao-do-sistema-de-seguranca/,"Ciro promete desarmamento civil e reestruturação do sistema de segurança - PDT. Pedetista indica uma política pública oposta à implementada pelo presidente Jair Bolsonaro
A implementação do desarmamento civil e a transformação do sistema de segurança pública vigente serão pilares do pré-candidato a presidente da República pelo PDT, Ciro Gomes, em sua possível gestão à frente do Palácio do Planalto. A posição foi apresentada, na última segunda-feira (11), ao longo da abertura do seminário virtual promovido pelo Núcleo de Estudos sobre Segurança Pública.
Em conjunto com os pedetistas e delegados da Polícia Civil do Rio de Janeiro, Martha Rocha – atualmente deputada estadual – e Orlando Zaccone, o ex-governador cearense mostrou sua oposição às práticas do presidente Jair Bolsonaro, como exemplificado na proliferação do armamento sem rastreamento e no sucateamento das polícias.
“Se um dia eu for presidente desse país, arma na rua será apreendida se não tiver na mão da polícia, com a devida autorização. Aliás, como eu já fiz no Ceará […] Todas as armas serão recolhidas e será dado um prazo para quem quiser recolher voluntariamente”, prometeu, garantindo ainda a indenização aos proprietários legais.
“Precisamos anunciar a reestruturação do sistema de segurança pública do país, que ele vai ser digitalizado. Sair do mundo analógico, do “38”, para a investigação inteligente, tecnológica e sofisticada e o orçamento triplicado. O governo federal gastou 0,3% em segurança pública no ano passado e a Polícia Federal tem 11.800 homens. Então não é sério”, acrescentou, em consonância com a criação do Sistema Único de Segurança, avanço da desmilitarização da polícia e análise de mudanças na legislação processual penal.
Para Ciro, Bolsonaro não tem a menor preocupação com a proteção da população, pois foca na formação de uma estrutura paralela e inconstitucional de defesa, conforme observado no Rio.
“No delírio dele, está tentando criar uma milícia armada, que seria o exército de reserva, para fazer um golpe de Estado no Brasil”, pontuou, citando os decretos assinados desde 2019.
Diante da gravidade da pior crise já registradas no país, evidenciada pelo desemprego, precarização do trabalho e desalento em massa, o vice-presidente nacional do PDT reforça a posição de centralidade da discussão conjuntural – não só no partido, mas também entre os cidadãos – para que exista uma mobilização em prol da retomada do progresso socialmente responsável.
“Se nós queremos fazer um Projeto Nacional de Desenvolvimento acontecer no Brasil, é preciso que tenha uma densa legitimidade e consulte o drama popular. Nosso povo está esmagado por uma agenda extremamente grave […] Precisamos trazer a educação, que não aparece nas emergências do povo tal a agenda trágica que o nosso povo está passando, e a questão da segurança, que cai um pouco de intensidade na percepção”, apontou.
“As causas do fenômeno da ultraviolência, no país, não são simples, triviais. São complexas e não serão resolvidas a golpe de demagogia e de frase feita. Por exemplo: se miséria fosse causa da violência, o lugar mais violento do Brasil não seria a periferia de São Paulo ou de Fortaleza, e sim um lugar chamado Salitre, que é um minúsculo município que fica na esquina do Ceará, Piauí e Pernambuco, onde o IDH é menos da metade do índice do Brasil”, relatou.
Contexto
Martha Rocha, ex-chefe da Polícia Civil, avaliou que o país apresenta, historicamente, um padrão punitivo enraizado. Esse modelo é replicado nas forças de segurança tanto na gestão, quanto na organização, porém o resultado acumulado não traduz um saldo socialmente positivo. Por isso, defende o investimento de longo prazo na educação e nos servidores públicos, bem como no aprimoramento do sistema judicial.
“Se de um lado a gente tem uma polícia com alto índice de letalidade, nós também temos um alto índice de mortes de policiais. E, no meio do caminho, estamos em um país que concentra uma elevada taxa de desigualdade social e desemprego”, afirmou, remetendo à ampla presença dos jovens, principalmente negros, nos dados do sistema penitenciário.
“Na década de 80, apesar dos 500 Cieps construídos por Leonel Brizola, investimento na educação e criação de escola para não construir presídio, o povo do estado do Rio de Janeiro se submeteu a um estelionato eleitoral e acreditou que a violência seria extinta pelo governador eleito no prazo de seis meses”, completou, em referência à vitória, nas eleições de 1986, de Moreira Franco sobre Darcy Ribeiro, após o primeiro mandato do líder pedetista.
O delegado Orlando Zaccone, recém-filiado ao partido, apresentou números do último anuário do Fórum Brasileiro de Segurança Pública, com destaque para o recorde do número absoluto de mortes ocasionadas por ações policiais em 2020, mesmo com a pandemia da Covid-19. Ao defender a política dos governos Brizola, o pedetista combate a equivocada legitimação da letalidade e analisa a responsabilidade sobre o direito à vida em um “Estado assassino”.
“Nós tivemos a formação do nosso Estado-nação na base de muita violência e isso se reflete até hoje. […] A primeira coisa que devemos fazer, como dever de casa, é pactuar um projeto político que se comprometa com a redução dessa mortalidade a partir de ações policiais”, disse, questionando a avaliação dos processos, pelo Ministério Público, referentes à vinculação das partes sobre as vítimas constatadas em operações.
“Hoje, no Brasil, qualquer pessoa que for identificada como traficante já vai ter sua morte legitimada. E o grande problema é se essa letalidade, a partir de ações policiais, se justifica pela ação da polícia ou pela condição do morto. Foi o que aconteceu no caso do Amarildo”, explicou, em referência ao caso do desaparecimento e morte do pedreiro, em 2013, após ser detido e torturado por agentes militares na favela da Rocinha, na Zona Sul da capital fluminense.
Programação
A sequência do evento contará nesta quarta-feira (13), às 19h, com a análise sobre proteção à mulher feita por Martha Rocha e a vereadora de Curitiba (PR), Maria Letícia.
Na quinta-feira (14), 19h, a desmistificação da realidade policial será o ponto central do painel integrado por Terine Huseh, Fabricio Rosa, Marcelo Bordin, Cristina Villanova e Henry Franci.
A política de drogas será abordada na sexta-feira (15), às 19h, pelo vereador de Curitiba (PR) Dalton Borda (PDT), a juíza Maria Lucia Haram, Diogo Busse e Cristiano Maronna.
O encerramento, no sábado (16), contará com dois painéis. Às 15h, a abordagem do impacto dos crimes de ódio através das participações de Fabio José da Costa, Izaque de Souza e Marcos André Cordeiro. Às 17h, as políticas carcerárias e facções criminosas serão os temas avaliados por Luiz Phelipe Dal Santo e Vitor Dieter."
PARTIDO DOS TRABALHADORES,537,0.98767066,Liberação de armas por Bolsonaro estimulou ataques nas escolas – Partido dos Trabalhadores,2023-07-25,https://pt.org.br/liberacao-de-armas-por-bolsonaro-estimulou-ataques-contra-escolas/,"Liberação de armas por Bolsonaro estimulou ataques nas escolas – Partido dos Trabalhadores. O ano de 2023 ainda não terminou mas já é, proporcionalmente, o que apresenta mais registros de atentados a escolas no país. A tese de que os efeitos mais negativos da aquisição de uma arma atingem o ápice de dois a três anos após a liberação do porte tragicamente vem se concretizando no Brasil.
Desde 2019, ocorreram 11 atentados em escolas, que resultaram na morte de crianças e adolescentes e profissionais da educação. O Governo Lula já tomou medidas para enfrentar a situação, com políticas de segurança e investimentos adequados. É preciso, no entanto, conter e eliminar a fonte do arsenal que chega às mãos dos assassinos.
Responsável pela flexibilização do uso de armas com o intuito de criar um “exército paralelo” e um Estado miliciano no Brasil, Jair Bolsonaro assinou mais de 30 atos normativos que permitiram a compra de armamentos mais potentes e munição em maior quantidade.
LEIA MAIS: Gleisi denuncia papel de clubes de tiro e CACs no aumento da violência no país
Para concretizar seu plano, também por meio dos decretos, o governo Bolsonaro facilitou e flexibilizou a posse e o porte de armas de fogo para caçadores, atiradores e colecionadores (CACs) e membros das polícias e Forças Armadas, sem a comprovação de necessidade e da existência de antecedentes criminais.
Ontem (24), a presidente do PT e deputada federal (PR), Gleisi Hoffmann, denunciou papel de clubes de tiro e CACs no aumento da violência no país e informou que discutirá com a bancada do partido na Câmara a elaboração de projeto de lei propondo nova regulamentação sobre esses estabelecimentos e o acesso dos CACs a armas de fogo.
“Queremos um país da paz, da segurança. Como disse o presidente Lula, queremos um país que incentive os livros, a educação, a formação de nossa gente”, salientou em gravação para as redes sociais do PT.
Mais armas, mais violência
Por obra de Bolsonaro, os CACs subiram de 117,5 mil, em 2019, para 783,4 mil, em dezembro de 2022, total maior do que os efetivos nacionais das polícias militares e das Forças Armadas. Paralelamente – e propositalmente, houve redução no número de armas de fogo apreendidas. Se a comparação for feita a partir de 2017, quando havia 63.137 CACs, o aumento foi de 12 vezes.
Entre 2017 e 2022, o número de munições vendidas no Brasil cresceu 147%, saindo de 170,2 milhões para 420,5 milhões, segundo o Anuário Brasileiro de Segurança Pública. Publicada em 23 de abril de 2020, a norma praticamente multiplicou por três a quantidade de munição possível de ser adquirida por cada cidadão. Com isso, uma única pessoa passou a ser autorizada a comprar mais de seis mil projéteis por ano.
Em 2019 os licenciados como CACs junto ao Exército tinham um arsenal de meio milhão de equipamentos. No primeiro semestre de 2020 houve um acréscimo de 6,3 milhões de armas, cujo registro foi favorecido por Bolsonaro via Sistema de Gerenciamento Militar de Armas (Sigma) do Exército, menos rigoroso que o registro via Sistema Nacional de Armas (Sinarm) da Polícia Federal.
Essa facilidade na obtenção do porte de armas e a fragilidade proposital dos sistemas de registro e controle obviamente favoreceu o cometimento de todo tipo de crime, inclusive ataques a escolas. Em 50% desses atentados as armas usadas pertenciam a atiradores ou a policiais, segundo o Instituto Sou da Paz.
Escolas viraram alvos
Nos últimos 20 anos, o Brasil registrou 93 mortos e feridos em ataques a escolas, com um número de vítimas crescente ano a ano, de acordo com dados do Ministério da Justiça. Nos 10 dias seguintes ao ataque a uma creche em Blumenau no começo de abril, 225 adultos foram presos e adolescentes foram apreendidos por suspeita de planejar ou incentivar atentados em escolas.
“Isso mostra que estamos diante de uma epidemia. Não são casos isolados. É uma rede criminosa que busca recrutar nossa juventude para o mal”, ressaltou o ministro Flávio Dino em reunião com o presidente Lula e diversas autoridades dia 18 de abril para discutir o enfrentamento da violência nas escolas.
Segundo a Polícia Civil do Ceará, o estudante que abriu fogo contra três colegas em outubro de 2022 em Sobral usou uma arma dele, que é CAC, para cometer o crime. Em agosto do mesmo ano, um menino de oito anos matou o próprio cunhado de forma acidental com uma arma deixada no banco de trás do carro onde ele estava. A vítima, de 27 anos, era CAC.
Pesquisa do Instituto Datafolha feita em 2019, 61% da população não queriam a liberação de armas mas, mesmo diante de todos os índices contrários, Bolsonaro não hesitou em por em prática seu plano de armar a população e foi ainda mais longe.
Liberação criminosa
Não satisfeito, o ex-presidente ainda liberou crianças e adolescentes do aval judicial para praticar tiro esportivo, bastando apenas a autorização de um dos responsáveis legais, atitude em total desacordo com o artigo 227 da Constituição que assegura à criança e ao adolescente proteção pela família de toda e qualquer forma de violência.
“Esse decreto que libera armas é (foi) apenas para enriquecer ainda mais as indústrias que ganham dinheiro com as desgraças e tragédias das famílias”, lamentou o deputado federal Zé Carlos (PT-MA) em entrevista ao site do PT em janeiro de 2019.
“O que se pretende é armar essa elite civil para servir de base segura para a política de repressão aberta do governo contra os movimentos sociais”, denunciou a senadora Benedita da Silva (PT-RJ) em artigo publicado no site Brasil 247 no primeiro mês de mandato do ex-presidente.
A falta de fiscalização, a banalização do uso de armamento e também do discurso de ódio e da violência potencializada pela internet, juntamente com diminuição da vida social e mais relacionamentos online fizeram com que muitos adolescentes e jovens se encontrassem em comunidades virtuais e fóruns de jogos online locais para expressar discurso de ódio, machismo, racismo e misoginia, além de culto pela violência e armas.
Tudo isso, junto com o fácil acesso às armas, resulta no aumento de tragédias nas escolas, conforme análise da professora Daniela Di Pietro, especialista na área de Educação, em entrevista ao site do PT em junho de 2023.
Ações do Governo Lula
Na cerimônia de posse, um dos decretos assinados pelo presidente Lula mudou as regras sobre acesso a armas de fogo e revogou diversas medidas facilitadoras decretadas por Bolsonaro.
Na última sexta-feira (21), Lula lançou o Programa de Ação na Segurança (PAS) com ações para combater a violência contra a mulher, ataques a escolas, tráfico de drogas e crimes ambientais, além da ampliação das restrições ao acesso a armas de fogo, do reforço da proteção da Amazônia, da valorização dos profissionais de segurança e do desenvolvimento de operações integradas entre forças policiais.
Aprovado em 2003, no primeiro mandato de Lula, e menosprezado por Bolsonaro desde os tempos em que era deputado, o Estatuto do Desarmamento volta com força na luta por um país desarmado. “Quem tem que estar bem armado é a polícia”, disse Lula.
Da Redação"
PARTIDO LIBERAL,577,0.9666137,Roberto Monteiro Pai relata projeto de Delegado Caveira sobre embarque armado de agentes de segurança - PL 22,2026-09-10,https://partidoliberal.org.br/roberto-monteiro-pai-delegado-caveira-embarque-armado-agentes-seguranca/,"Roberto Monteiro Pai relata projeto de Delegado Caveira sobre embarque armado de agentes de segurança - PL 22. O Autor do projeto deputado Delegado Caveira (PL-PA) e o relator, deputado Roberto Monteiro Pai (PL-RJ) – Foto: divulgação/Agência Câmara de Notícias
10/09/2026
Brasília – O deputado Roberto Monteiro Pai (PL-RJ), relator da proposta, e o deputado Delegado Caveira (PL-PA), autor do projeto, defendem a ampliação da possibilidade de embarque armado em voos comerciais para agentes públicos que tenham porte de arma em razão de suas funções. O texto estabelece critérios de segurança, exige autorização da Polícia Federal e prevê regras para o transporte do armamento.
A Comissão de Segurança Pública e Combate ao Crime Organizado da Câmara dos Deputados aprovou o substitutivo de Roberto Monteiro Pai ao Projeto de Lei 1687/2026, apresentado por Delegado Caveira.
A proposta altera o Estatuto do Desarmamento para permitir que todos os agentes públicos com porte funcional possam solicitar autorização para embarcar armados, desde que comprovem a necessidade do equipamento durante toda a viagem.
A versão original do projeto previa a autorização somente para policiais civis dos estados e do Distrito Federal. O substitutivo aprovado ampliou o alcance da medida para contemplar todos os agentes públicos que tenham porte de arma em razão do trabalho.
Segundo Roberto Monteiro Pai (PL-RJ), a mudança busca garantir igualdade de condições entre as carreiras da segurança pública e evitar que exigências burocráticas comprometam a capacidade de resposta dos profissionais.
“Restrições burocráticas excessivas, que não combinam com o dia a dia das corporações, criam vulnerabilidades inaceitáveis e acabam diminuindo a capacidade de resposta rápida do Estado”, argumentou o relator.
De acordo com o texto aprovado, o agente público precisará cumprir três requisitos para solicitar autorização:
A comprovação deverá estar relacionada ao desempenho de atividades policiais, de inteligência, de escolta ou de pronto emprego operacional. As situações serão especificadas em regulamento pelo Poder Executivo federal.
O projeto não cria uma autorização automática. Cada solicitação dependerá da apresentação e da verificação dos documentos exigidos.
O embarque armado ficará sujeito à autorização da Polícia Federal, que poderá negar o pedido com base em uma avaliação de risco. Nesse caso, a decisão deverá ser fundamentada por escrito.
Também serão regulamentadas as especificações técnicas, como a quantidade de armas permitidas, a forma de descarregar e guardar o equipamento e os procedimentos de segurança a serem cumpridos nos aeroportos.
Essas regras procuram conciliar as necessidades operacionais dos agentes com a segurança da aviação civil e dos demais passageiros.
O substitutivo estabelece deveres específicos para os passageiros autorizados a embarcar com armamento. O agente não poderá levar a arma carregada dentro do avião nem consumir bebida alcoólica antes ou durante o voo.
A bordo, o equipamento deverá ser guardado de maneira discreta, e o agente ficará sob a coordenação do comandante da aeronave.
A utilização da arma será permit permitida somente em último caso, diante de uma ameaça real e iminente. A medida busca evitar riscos e assegurar que o armamento seja transportado de forma responsável.
Atualmente, a Resolução 461/2018, da Agência Nacional de Aviação Civil (Anac), permite o embarque armado de agentes públicos com porte funcional em quatro situações:
Com a proposta de Delegado Caveira (PL-PA) e o substitutivo apresentado por Roberto Monteiro Pai (PL-RJ), os critérios passarão a constar na legislação e poderão alcançar outras carreiras que exerçam atividades compatíveis com a necessidade de portar arma durante o deslocamento aéreo.
O projeto será analisado, em caráter conclusivo, pelas comissões de Viação e Transportes e de Constituição e Justiça e de Cidadania.
Para se tornar lei, o texto precisará ser aprovado pela Câmara dos Deputados e pelo Senado Federal."
PARTIDO NOVO,606,0.9832099,5 Problemas da PEC da Segurança Pública do Governo Lula,2025-04-14,https://novo.org.br/noticias/5-problemas-pec-da-seguranca-publica-governo-lula/,"5 Problemas da PEC da Segurança Pública do Governo Lula. No fim de outubro, o governo Lula (PT) apresentou a Proposta de Emenda Constitucional (PEC) da Segurança Pública, que entre outros problemas, centraliza mais o poder de decisão no governo federal.
A PEC é uma tentativa de resposta do governo Lula para uma das questões mais problemáticas da sua gestão: o aumento da violência no país.
Segundo o Fórum Brasileiro de Segurança Pública, o Brasil registrou 46.328 homicídios em 2023: um número comparável ao de nações em guerra. Um ano antes do governo petista, o país teve 40,8 mil mortes violentas, uma diferença de quase 6 mil fatalidades.
Veja a seguir os principais pontos da PEC da Segurança e os cinco problemas mais flagrantes da proposta.
– Ampliação do poder da União sobre os estados: A PEC propõe que o governo federal aumente sua influência, definindo linhas de atuação unificadas a serem seguidas pelas unidades federativas na área de segurança pública e defesa social. O que inclui presídios estaduais, por exemplo;
– Inclusão do Sistema Único de Segurança Pública (SUSP) na constituição: registrar o SUSP na Carta Magna para garantir, segundo o governo, maior força e abrangência;
– Novas funções da da Polícia Federal (PF) e da Polícia Rodoviária Federal (PRF): a PF também será responsável por atuar contra crimes ambientais, organizações criminosas e milícias com repercussão interestadual ou no exterior. A PRF adicionalmente seria responsável por vigiar ferrovias e hidrovias;
– Padronização processos e informações: como boletins de ocorrência, certidões de antecedentes criminais e mandados de prisão. Além disso, a PEC deve instituir uma linguagem unificada entre as polícias;
– Constitucionalização do Fundo Nacional de Segurança Pública e Política Penitenciária: isso buscaria garantir que os recursos não fossem bloqueados. Essas verbas são alocadas para ações que estejam em conformidade com as políticas nacionais.
De forma no mínimo questionável, o ministro do Supremo Tribunal Federal (STF), Flávio Dino, esteve presente juntamente com representantes de outros órgãos de estado na reunião de apresentação da PEC.
O embaixador do NOVO e ex-procurador da Lava Jato, Deltan Dallagnol, em sua coluna na Gazeta do Povo, criticou a atitude, apontando que ministros do STF não deveriam estar presentes em reuniões sobre possíveis projetos de lei ou emendas constitucionais.
Afinal, essa participação poderia afetar a isenção necessária para um potencial julgamento futuro sobre a matéria em debate. Além disso, Deltan apontou que concentrar ainda mais poderes no governo federal petista é uma ameaça ao Brasil.
“O projeto permitiria ao governo federal criar diretrizes gerais a serem seguidas em todo o país, ou seja, faria aquilo que todo governante autoritário de esquerda gosta: centralizar e aumentar seu poder”, afirmou.
A seguir, trazemos os apontamentos de outros especialistas no tema entrevistados pela Gazeta do Povo.
A PEC tende a centralizar e expandir o poder do governo federal, o que enfraqueceria os estados. Cada unidade federativa tem suas próprias peculiaridades e hoje possui alguma autonomia na condução das políticas de segurança.
Além disso, existe o risco da medida enfraquecer as polícias estaduais. É o que aponta o advogado especializado em segurança pública, Alex Erno Breunig.
“O mais preocupante é o possível objetivo da proposta. Na minha avaliação, se pretende centralizar as competências da União e, principalmente, enfraquecer as polícias militares”, afirmou.
Assim, a proposta de emenda constitucional do governo Lula criou um atrito com os chefes dos estados. Os governadores aproveitaram o debate da revisão constitucional para defender mais autonomia para os estados na área da segurança.
Com uma alteração da Constituição nesse sentido, as unidades federativas poderiam ter leis diferentes sobre maioridade penal, porte de armas, audiência de custódia e penas criminais.
Durante a apresentação, não ficou claro quem seria responsável por pagar as políticas de segurança dos estados.
De acordo com o especialista em segurança pública, Marcelo Almeida, esta é uma questão importante. “A União quer o controle, mas os estados seguirão bancando? Isso não está claro e não faz muito sentido”, destacou.
A proposta do governo federal é que os estados que seguirem as políticas nacionais nesse tema poderão receber recursos da União para reforçar o orçamento da segurança.
Porém, isso abre margem para o governo Lula retaliar financeiramente os estados que não sigam suas diretrizes. É o que aponta Breunig.
“Pode ocorrer uma grande interferência federal nos estados e quando um estado não aderir à política nacional, ficará sem verbas federais. Isso é uma forma de obrigar a adesão a essa política”, ressaltou.
Outra ameaça à segurança é uma possível expansão de políticas de desencarceramento, considerando que a União teria responsabilidade sobre as prisões estaduais.
O chefe do Ministério da Justiça e Segurança Pública, Ricardo Lewandowski, tem um histórico marcado pela defesa do desencarceramento.
Durante sua atuação como ministro do STF, ele executou uma política de audiência de custódia que libertou aproximadamente 500 mil detentos em oito anos. Breunig acredita que esse posicionamento pode estar presente na PEC.
“Tenho esse receio. O que é um fomento à criminalidade. A ideia, para os infratores, de que cometer crimes não resulta em punição é muito perigosa para a segurança pública”, disse.
Outra questão problemática sobre o projeto é a atribuição para a Polícia Federal de investigar crimes ambientais e ações criminosas de repercussão interestadual e internacional.
Além disso, a PRF receberia novas funções com o monitoramento de vias aquáticas e ferroviárias.
Por meio de uma nota, a Federação Nacional dos Delegados de Polícia Federal (Fenadepol) se manifestou, informando que, assim como outras entidades de classe de combate ao crime organizado, não recebeu previamente o conteúdo da PEC.
O grupo afirma que o excesso de funções à PF é preocupante para o órgão, que “já opera em seu limite e lida com cortes orçamentários expressivos, já conhecidos do governo atual, que afetaram até a indenização de sobreaviso de seus policiais”.
A entidade também aponta que a PEC retira responsabilidades das polícias dos estados e distorce as competências da PRF, uma organização civil, buscando simetria com a PM, que “não se encaixa no espírito da Constituição Republicana”.
O governo Lula diz que a PEC também busca uma coordenação para respostas rápidas e integradas de combate do crime organizado, para além fronteiras estaduais e até mesmo nacionais.
Alex Breunig, que também é vice-presidente da Associação dos Oficiais da PM e dos Bombeiros Militares do Paraná (Assofepar), aponta que a responsabilidade da repressão ao tráfico e a ação nas fronteiras já compete à União.
“No entanto, essa competência não tem sido exercida na plenitude, tanto que temos sérios problemas nessas áreas. Não precisa alterar nenhuma competência, basta instrumentalizar as polícias da União para que exerçam na plenitude suas competências atuais”, conclui.
O analista Marcelo Almeida indica que parece que não houve o debate necessário entre os entes federativos e o governo federal sobre o conteúdo da PEC, o que deve dificultar a aprovação da matéria.
“Muitos governadores disseram que ficaram sabendo pouco tempo antes do texto e se mostraram contrários. Então, acredito que haverá resistências no andamento e aprovação”, afirmou.
A falta de diálogo, também ocorreu órgão policiais do país, como foi destacado no ponto anterior e em uma nota conjunta de várias entidades, que incluem: Associação dos Delegados de Polícia do Brasil (Adepol do Brasil), Associação Nacional dos Delegados de Polícia Federal (ADPF), Associação Nacional das Entidades Representativas dos Militares Brasileiros (ANERMB); Federação Nacional dos Delegados de Polícia Federal (Fenadepol); Federação Nacional das Entidades Militares Estaduais (Feneme) e Federação Nacional dos Peritos Oficiais em Identificação (Fenappi).
No manifesto, os órgãos de classe afirmam que o país não precisa de uma PEC para segurança pública e chamaram a matéria de inadequada e desnecessária.
“Inadequada porque a proposta não foi amplamente debatida com as forças de segurança pública e as associações que representam seus integrantes. Inadequada porque o enfrentamento da criminalidade organizada demanda solução dialogada, estudada e amparada em dados quantitativos e qualitativos que permitam a construção de um modelo tangível e robusto, que possibilite uma atuação concertada em todos os níveis de atuação – federal, estadual e municipal”, destacam.
Além disso, a nota aponta que o ordenamento jurídico já possui várias normas efetivas para o combate ao crime organizado.
O texto cita, por exemplo, a Lei 10.446/02, que permite que a PF atue contra organizações criminosas, mesmo que não cometa delitos sobre os quais a justiça federal atua, desde que gerem um impacto interestadual ou internacional."
PARTIDO SOCIAL DEMOCRÁTICO,793,0.9856225,Comissão debate proposta que revoga o Estatuto do Desarmamento - PSD - Partido Social Democrático,2025-10-30,https://psd.org.br/noticias/comissao-debate-proposta-que-revoga-o-estatuto-do-desarmamento/,"Comissão debate proposta que revoga o Estatuto do Desarmamento - PSD - Partido Social Democrático. O deputado Marcos Montes
Agência Câmara
O projeto que revoga o Estatuto do Desarmamento será tema de audiência pública nesta quarta-feira (26). O debate será promovido pela comissão especial que analisa o polêmico projeto. “O objetivo não é permitir a justiça com as próprias mãos, mas pelo menos dá uma sensação maior de segurança para as famílias, nas suas casas, nas suas fazendas. O porte de arma já existe. Isso não é novidade. O que nós estamos fazendo é uma regulamentação desse assunto”, afirma o presidente da comissão, deputado Marcos Montes (PSD-MG).  
A proposta, de autoria do deputado Rogério Peninha Mendonça (PMDB-SC), retira as restrições do atual estatuto ao porte particular de armas por civis e cria normas para a comercialização delas e das munições.
Na atual lei o porte de armas por civis é permitido somente quando a necessidade for comprovada. Neste caso, o portador poderá usar, mas somente com registro no Comando do Exército, por tempo limitado. No novo texto, não há mais a exigência de uma justificativa de necessidade, nem prazo para o porte de arma para civis. Além disso, o projeto reduz de 25 para 21 anos a idade mínima para adquirir arma de fogo.
Divergências
O governo federal é favorável a manter o estatuto como está hoje. Segundo o Ministério da Justiça, o número de mortes por armas de fogo caiu em 11% em 2004, logo depois da primeira Campanha de Desarmamento.
O presidente do Movimento Viva Brasil, Bené Barbosa, defende a revogação do Estatuto do Desarmamento. Em entrevista concedida à Rádio Câmara nesta segunda-feira (24), ele desmentiu que o assunto esteja sendo custeado pela indústria bélica e afirma que mudanças atenderão anseios da população. 
Já o coordenador de Sistemas de Justiça e Segurança Pública do Instituto Sou da Paz, Bruno Langeani, também é contra a revogação. “Já há diversos estudos comprovando que quanto mais armas em circulação maior o número de homicídios. Esse projeto vem com uma defesa que é bastante questionável de que o cidadão sozinho com uma arma na cintura vai se capaz de prover a sua própria segurança”, criticou Langeani, que também concedeu entrevista nesta manhã à Rádio Câmara.
Convidados
– o pesquisador em segurança pública Fabrício Rebelo – que é a favor da revogação;
– o presidente da Associação Nacional da Indústria de Armas e Munições (Aniam), Salésio Nuhs;
– o delegado de Polícia Fernando Segóvia;
– o deputado eleito pelo DF, Alberto Fraga;
– o advogado Lúcio Delfino;
– o presidente da Federação da Agricultura e Pecuária de Minas Gerais (Faemg), Roberto Simões;
– o ex-deputado estadual do Rio Grande do Sul Sérgio Ilha Moreira; e
– um representante do Ministério da Justiça.
A audiência será realizada no plenário 11, a partir das 14h30."
PARTIDO SOCIALISMO E LIBERDADE,638,0.98688215,Oposição aprova presença de ministro na CCJ para explicar decreto das armas,2019-05-28,https://psol50.org.br/oposicao-aprova-presenca-de-ministro-na-ccj-para-explicar-decreto-das-armas-3/,"Oposição aprova presença de ministro na CCJ para explicar decreto das armas. Na tarde desta terça-feira (28), a Comissão de Constituição e Justiça da Câmara dos Deputados aprovou requerimento para convocar o Ministro-Chefe da Casa Civil, Onyx Lorenzoni, para dar explicações sobre o Decreto 9.785, de 7 de maio de 2019, que flexibilizou a posse e o porte de armas de fogo no Brasil. O PSOL já apresentou uma Ação Direta de Inconstitucionalidade (ADI) para questionar a legalidade do decreto no Supremo Tribunal Federal (STF), assim como um Projeto de Decreto Legislativo (PDL) para anular a medida do governo Bolsonaro, que contraria o Estatuto do Desarmamento, aprovado em 2003.
O requerimento foi aprovado com o apoio da oposição ao governo e teve voto favorável do PSOL através da representante do partido na CCJ, a deputada Talíria Petrone (PSOL-RJ). Ao encaminhar o voto favorável, Talíria criticou a facilidade em adquirir armas de fogo com a regulamentação do novo decreto. “O Brasil tem dados alarmantes de mortes por arma de fogo. Dos 60 mil homicídios por ano no Brasil, 71% têm como causa a arma de fogo”, afirmou a deputada de Niterói.
Talíria Petrone também desmistificou durante a sessão a ideia de que os brasileiros são a favor do armamento massivo da população. “Agita-se muito que o povo quer mais arma para poder se defender, mas 64% da população brasileira considera que a posse das armas de fogo deve ser proibida. Quando fazemos o recorte de raça ou de gênero, os negros e mulheres, por serem diretamente mais afetados, são ainda mais contra essa liberação”, continua.
O decreto das armas de Bolsonaro vai aumentar – e muito! – o número de feminicídios no país. Com a medida, as mulheres estarão muito mais vulneráveis.
É o que falou @taliriapetrone na CCJ da Câmara hoje à tarde. pic.twitter.com/bNLgixWwFY
— PSOL 50 (@psol50) May 28, 2019
Estima-se que o Estatuto do Desarmamento, em seus moldes atuais, já evitou a morte de mais de 120 mil brasileiros através de armas de fogo. As novas regras, bem menos rígidas, são implementadas através de decreto e passam por cima da lei aprovada em 2003 pelo Congresso Nacional, o que seria inconstitucional. “Arma serve para matar. Além de ser inconstitucional, o decreto em seu mérito é uma tragédia para a segurança pública brasileira que já vive uma grave crise, que é também da democracia brasileira. No Rio de Janeiro já foram 500 pessoas assassinadas pelo Estado somente esse ano. E sabemos bem a cor delas e onde elas vivem”, finalizou Talíria Petrone.
O PSOL também está com um abaixo-assinado para pressionar o governo Bolsonaro a desistir de seu decreto das armas. Você pode assinar aqui!"
PARTIDO SOCIALISTA BRASILEIRO,756,0.9895743,"Campanha “Desarme: PSB contra as armas!”, será lançada nesta quinta (1º) - PSB 40",2021-03-31,https://psb40.org.br/campanha-desarme-psb-contra-as-armas-sera-lancada-nesta-quinta-1o/,"Campanha “Desarme: PSB contra as armas!”, será lançada nesta quinta (1º) - PSB 40. O presidente nacional do PSB, Carlos Siqueira, participará, nesta quinta-feira (1º), do lançamento da campanha Desarme: PSB contra as armas!
Diante da maior crise sanitária da história do país, o PSB acredita que é necessário pacificar a sociedade e concentrar todos os esforços das lideranças políticas em uma unidade nacional para a imunização dos brasileiros, a grande prioridade.
A transmissão será às 19h, na página nacional do partido, e terá a presença do advogado do PSB, Rafael Carneiro, um dos responsáveis pela ação apresentada no Supremo Tribunal Federal (STF) que questiona quatro decretos do governo Bolsonaro para flexibilizar o controle de armas e de munições no país.
Entenda a Ação
Para o PSB, os decretos são inconstitucionais porque ferem os direitos fundamentais à vida e à segurança. O partido defende ainda que, embora pretendam disciplinar o Estatuto do Desarmamento, os decretos ferem suas diretrizes e permitem à população civil adquirir “verdadeiros arsenais” de armas, munições e acessórios.
De acordo com a ação, os decretos violam ainda o princípio da separação dos Poderes e o regime democrático, uma vez que o Planalto teria assumido a função do Legislativo ao decidir sobre política pública envolvendo porte e posse de armas de fogo.
Com a ausência de fiscalização rígida pelo Comando do Exército, também viabilizada por decretos anteriores editados por Bolsonaro, a mortalidade do Brasil por armas de fogo, que já é a maior do mundo, aumentará.
O Supremo Tribunal Federal (STF) começou a julgar a ação em 12 de março. O ministro relator da ação, Edson Fachin, foi o primeiro a apresentar seu voto e considerou os decretos inconstitucionais. Em seguida, a ministra Rosa Weber pediu vista sobre o caso.
Para o ministro, inexistem evidências empíricas de que cidadãos armados produzem maior segurança em cidades com altos índices de violência. Ao contrário, diversos estudos mostram que, quanto maior a quantidade de armas circulando, mais elevados serão os índices de criminalidade e de violência.
O pedido do PSB já havia sido pautado em junho de 2019, mas não foi a julgamento após o governo revogar os textos. Posteriormente, no entanto, o governo publicou novos decretos com conteúdo semelhante.
Em resposta à ação do PSB no STF, governo diz que venda legal de armas em “nada impacta nas mortes violentas”.
Assessoria de Comuncação/PSB nacional"
PARTIDO VERDE,947,0.9823489,Procurar Resultados para :desarmamento,2017-10-04,https://pv.org.br/?s=desarmamento,"Procurar Resultados para :desarmamento. Mariana Alvim – @marianaalvim Da BBC Brasil em São Paulo Antes, durante e depois da aprovação do Estatuto do Desarmamento, em 2003, a legislação que controla as armas de fogo no Brasil tem sido alvo de disputas. Com o crescimento das redes sociais e a aproximação da eleição de 2018, o tema voltou com força.…
A comissão especial que analisa mudanças no Estatuto do Desarmamento (PL 3722/12 e apensados) iniciou no ultimo dia 20 a discussão do substitutivo do relator. Durante o debate entre os parlamentares, o líder da bancada do PV, deputado Sarney Filho (MA), seguindo orientação do Partido, reafirmou a posição contra a flexibilização do estatuto e defendeu…
Em encontro com representantes de entidades e lideranças políticas ligadas à defesa dos animais, na manhã deste domingo (28), o candidato ao governo do Distrito Federal pela Federação Brasil da Esperança, Leandro Grass (PV), apresentou propostas sobre o tema que constam em seu plano de governo. Leandro destacou ser primordial transformar o DF num território…
De movimento de protesto e aglomerado heterogêneo a uma das forças políticas na atual sociedade alemã: uma história de sucesso verde. E a fase decisiva, das reais mudanças, está apenas se anunciando. O grupo que se reuniu em 12 e 13 de janeiro de 1980, em Karlsruhe, era bastante colorido e diverso: tinha veteranos do…
1 – Ecologia A preservação do meio ambiente, o ecodesenvolvimento (ou desenvolvimento sustentável), a reciclagem e a recuperação ambiental permanente. 2 – A cidadania O respeito aos direitos humanos, o pluralismo, a transparência, o pleno acesso à informação e a mobilização pela transformação pacífica da sociedade. 3 – A democracia O exercício da democracia representativa,…
Decisão acontece após Senado pedir suspensão dos decretos e um dia antes do Supremo julgar pedido de anulação. Presidente também enviará projeto de lei com temas mais polêmicos Diante de uma provável derrota no Congresso, o presidente Jair Bolsonaro voltou atrás e decidiu revogar, nesta terça-feira, dois decretos que facilitavam o direito ao porte e à posse…
Gabinete Verde se reúne com a bancada e avalia governo Bolsonaro “Não aceitamos retrocesso na demarcação de terras indígenas e quilombolas!”, delcara o PV após publicação de MP O Gabinete Verde se reuniu nessa terça-feira (18/6) com a bancada parlamentar para avaliar o governo Bolsonaro, principalmente em relação às questões ambientais e dos direitos sociais.…
Presidente comentou pela primeira vez o caso publicado pelo site The Intercept sobre troca de mensagens atribuídas a procuradores da força-tarefa da Lava Jato em Curitiba e a Moro. O presidente Jair Bolsonaro afirmou nesta quinta-feira (13) que a atuação de Sérgio Moro como juiz da Lava Jato “não tem preço” e classificou a invasão dos celulares do ministro…"
PROGRESSISTAS,951,0.9891111,Deputado Federal Archives | Partido Progressistas,2007-09-09,https://progressistas.org.br/cargo/deputado-federal/,"Deputado Federal Archives | Partido Progressistas. CLIQUE NO ESTADO 
 PARA MAIS INFORMAÇÕES
Covatti Filho exerce seu segundo mandato de deputado federal pelo Rio Grande do Sul. Na Câmara dos Deputados presidiu a Comissão de Finanças e Tributação (CFT) e atualmente é vice-presidente da Frente Parlamentar da Agropecuária (FPA). De janeiro de 2019 a março de 2021 esteve licenciado do cargo de deputado para exercer a função de Secretário de Estado da Agricultura no RS. Como deputado, tem como pauta principal a agricultura.
Eduardo da Fonte é um empresário e político brasileiro. Nascido no Recife, preside o Partido Progressistas no Estado de Pernambuco. Foi eleito deputado federal em 2006, na sua primeira disputa eletiva. Foi reeleito em 2010 e assumiu a segunda vice-presidência e a Corregedoria da Câmara dos Deputados. Atualmente, exerce seu 4º mandato, com histórico de luta e trabalho pela Educação e pelos direitos dos consumidores, em especial por uma conta de energia mais justa e democrática.
Josias Mário da Vitória, conhecido como Da Vitória, é deputado federal pelo Estado do Espírito Santo. Natural do Município de Colatina, nasceu em 02/06/1971. É casado e pai de quatro filhos.
Exerceu três mandatos de deputado estadual no Espírito Santo entre os anos de 2006 e 2018 e está no primeiro mandato de deputado federal.
Desde março de 2022 é filiado ao Progressistas.
Coordenador da bancada federal capixaba no Congresso Nacional pelo quarto ano consecutivo e presidente do Centro de Estudos e Debates Estratégicos da Câmara dos Deputados.
Policial Militar da Reserva Remunerada no Espírito Santo, é graduado em Direito pela UNESC (Centro Universitário de Colatina) e Pós -Graduado em Gestão de Segurança Pública, Privada, Corporativa e do Cidadão, pelo Centro Universitário de Vila Velha (UVV).
Natural de Corumbá-MS, reside há 60 anos na capital Campo Grande onde atua como médico há 46 anos. Clínico e cardiologista, também é especialista em geriatria, terapia intensiva, ecocardiografia e medicina esportiva.
Professor, palestrante e autor de 3 livros, foi coordenador do programa de residência em clínica médica e coordenador da COREME - Comissão de Residência Médica da Santa Casa de Campo Grande - MS.
Deputado Federal pelo Mato Grosso do Sul, defende a família, liberdade e a vida, combatendo ideologias que conspiram, degradam e vulgarizam a família.
Mandatos (na Câmara dos Deputados):
 Deputado(a) Federal - 2023-2027, AC, PP, Dt. Posse: 01/01/2025.
Proposições de Autoria do Deputado
 Proposições de Autoria do Deputado Transformadas em Norma Jurídica
 Proposições Relatadas pelo Deputado
 Proposições Relatadas Transformadas em Norma Jurídica
Suplências e Efetivações:
 Foi efetivado(a), em 1 de Janeiro de 2025, assumindo o mandato de Deputado(a) Federal, na Legislatura 2023-2027.
Atividades Parlamentares:
 CÂMARA DOS DEPUTADOS - 57ª Legislatura:
SECRETARIA:
 Bancada Negra da Câmara dos Deputados: Titular, 01/01/2025 - ,
 COMISSÃO PERMANENTE:
 Comissão de Viação e Transportes - CVT: Suplente, 18/03/2025 - , Comissão de Desenvolvimento Econômico - CDE: Titular, 18/03/2025 - , Comissão de Indústria, Comércio e Serviços - CICS: Titular, 18/03/2025 - .
Atividades Profissionais e Cargos Públicos:
 Gerente Administrativo de Agência, Bancomercial de São Paulo - FINASA, Rio Branco, AC, 1986 - 1990; Gerente de Transporte, Cia. Saneamento do Estado do Acre, Rio Branco, AC, 1992 - 1994; Sócio Administrador, MAV Constriutora Ltda. / Impacto Ind. e Terraplanagem, Rio Branco, AC, 1995.
Atividades Sindicais Representativas de Classe Associativas e Conselhos:
 Vice-Presidente / Diretor, Sindicato da Indústria da Construção Civil do Estado do Acre, Rio Branco, AC, 1998; Presidente, Federação das Indústrias do Estado do Acre, Rio Branco, AC, 2015; Presidente, Fórum Empresarial de Inovação e Desenvolvimento do Acre, Rio Branco, AC, 2020 - 2024.
Estudos e Cursos Diversos:
 Licenciatura Plena em Matemática, Universidade Federal do Acre, Rio Branco, AC, 1995 - 1999; MBA em Gerenciamento de Projetos, Fundação Getúlio Vargas, Rio Branco, AC, 2008 - 2009.
Obras Publicadas:
Um apelo ao bom senso. Website FIEAC, 2016. On-line.
Mandatos (na Câmara dos Deputados):
 Deputado(a) Federal - 2023-2027, MA, PP, Dt. Posse: 13/09/2023.
Suplências e Efetivações:
 Assumiu, como Suplente, o mandato de Deputado(a) Federal, na Legislatura 2023-2027, a partir de 13 de Setembro de 2023. Afastou-se, em 3 de Dezembro de 2024. Reassumiu, como suplente, em 6 de Dezembro de 2024. Afastou-se, em 1 de Fevereiro de 2025. Reassumiu, como suplente, em 3 de Fevereiro de 2025.
Atividades Partidárias:
 Vice-Líder, Bloco (UNIÃO, PP, Federação PSDB CIDADANIA, PDT, AVANTE, SOLIDARIEDADE, PRD), 17/04/2024 - 17/04/2024; Vice-Líder, Bloco (UNIÃO, PP, Federação PSDB CIDADANIA, PDT, AVANTE, SOLIDARIEDADE, PRD), 05/06/2024 - 10/07/2024; Vice-Líder, Bloco (UNIÃO, PP, Federação PSDB CIDADANIA, PDT, AVANTE, SOLIDARIEDADE, PRD), 11/07/2024 - 03/12/2024; Vice-Líder, Bloco (UNIÃO, PP, Federação PSDB CIDADANIA, PDT, AVANTE, SOLIDARIEDADE, PRD), 17/12/2024 - 17/12/2024; Vice-Líder, Bloco (UNIÃO, PP, Federação PSDB CIDADANIA, PDT, AVANTE, SOLIDARIEDADE, PRD), 18/12/2024 - 31/01/2025.
Atividades Parlamentares:
CÂMARA DOS DEPUTADOS - 57ª Legislatura:
COMISSÃO PERMANENTE:
 Comissão de Saúde - CSAUDE: Suplente, 14/09/2023 - 20/10/2023, Comissão de Previdência, Assistência Social, Infância, Adolescência e Família - CPASF: Suplente, 06/03/2024 - 03/12/2024, Comissão de Segurança Pública e Combate ao Crime Organizado - CSPCCO: Suplente, 06/03/2024 - 03/12/2024, Comissão de Previdência, Assistência Social, Infância, Adolescência e Família - CPASF: Suplente, 09/12/2024 - 31/01/2025, Comissão de Segurança Pública e Combate ao Crime Organizado - CSPCCO: Suplente, 09/12/2024 - 31/01/2025, Comissão de Previdência, Assistência Social, Infância, Adolescência e Família - CPASF: Suplente, 18/03/2025 - , Comissão de Segurança Pública e Combate ao Crime Organizado - CSPCCO: Suplente, 18/03/2025 - , Titular, 20/09/2023 - 04/02/2024, Comissão de Saúde - CSAUDE: Titular, 20/10/2023 - 04/02/2024, 06/03/2024 - 10/09/2024, Comissão de Constituição e Justiça e de Cidadania - CCJC: Titular, 10/09/2024 - 29/10/2024, Comissão de Saúde - CSAUDE: Titular, 29/10/2024 - 03/12/2024, 09/12/2024 - 31/01/2025, 18/03/2025 - ,
 COMISSÃO ESPECIAL:
 PEC 014/21 - Agentes de Saúde e de Combate às Endemias: Suplente, 21/05/2025 - .
Mandatos (na Câmara dos Deputados):
 Deputado(a) Federal - 2019-2023, RJ, PP, Dt. Posse: 01/02/2019; Deputado(a) Federal - 2023-2027, RJ, PP, Dt. Posse: 01/02/2023.
Licenças:
 Licenciou-se do mandato de Deputado(a) Federal, na Legislatura 2019-2023, para assumir o cargo de Secretário de Estado da Saúde do Estado do Rio de Janeiro, a partir de 2 de Janeiro de 2023. Licenciou-se do mandato de Deputado(a) Federal, na Legislatura 2023-2027, para assumir o cargo de Secretário de Estado de Saúde, no estado do Rio de Janeiro, a partir de 13 de Fevereiro de 2023. Reassumiu, em 12 de Setembro de 2023.
Atividades Partidárias:
 Vice-Líder, PP, 08/04/2022 - 31/01/2023; Líder, PP, 12/09/2023 - ; Líder, Bloco (UNIÃO, PP, Federação PSDB CIDADANIA, PDT, PSB, AVANTE, SOLIDARIEDADE, PATRIOTA), 13/09/2023 - 10/04/2024; Vice-Líder, Bloco (UNIÃO, PP, Federação PSDB CIDADANIA, PDT, AVANTE, SOLIDARIEDADE, PRD), 10/04/2024 - 31/01/2025.
COMISSÃO PERMANENTE:
 Comissão do Esporte - CESPO: Suplente, 17/10/2023 - 04/02/2024, Comissão de Ciência, Tecnologia e Inovação - CCTI: Titular, 19/03/2025 - 19/03/2025,
 COMISSÃO ESPECIAL:
 PEC 014/21 - Agentes de Saúde e de Combate às Endemias: Presidente, 10/06/2025 - , Titular, 21/05/2025 - ,
CÂMARA DOS DEPUTADOS - 56ª Legislatura:
COMISSÃO PERMANENTE:
 Comissão de Saúde - CSAUDE: Presidente, 11/03/2021 - 27/04/2022, Comissão de Relações Exteriores e de Defesa Nacional - CREDN: Suplente, 12/03/2019 - 03/02/2020, Comissão de Turismo - CTUR: Suplente, 12/03/2019 - 03/02/2020, Comissão do Esporte - CESPO: Suplente, 07/11/2019 - 03/02/2020, Comissão de Defesa dos Direitos da Pessoa Idosa - CIDOSO: Suplente, 19/03/2021 - 02/02/2022, Comissão do Esporte - CESPO: Suplente, 27/04/2022 - 31/01/2023, Comissão de Direitos Humanos, Minorias e Igualdade Racial - CDHMIR: Suplente, 16/05/2022 - 13/07/2022, Comissão de Saúde - CSAUDE: Titular, 12/03/2019 - 03/02/2020, Comissão de Defesa dos Direitos das Pessoas com Deficiência - CPD: Titular, 12/03/2019 - 03/02/2020, Comissão do Esporte - CESPO: Titular, 15/10/2019 - 07/11/2019, Comissão de Saúde - CSAUDE: Titular, 09/03/2021 - 02/02/2022, Comissão de Turismo - CTUR: Titular, 09/03/2021 - 02/02/2022, Comissão do Esporte - CESPO: Titular, 09/03/2021 - 02/02/2022, Comissão de Saúde - CSAUDE: Titular, 27/04/2022 - 31/01/2023,
 COMISSÃO ESPECIAL:
 PEC 024/19 - Despesas Instituições Federais Ensino: Suplente, 12/09/2019 - 23/02/2022, PL 1917/15 - Portabilidade da Conta de Luz: Suplente, 08/10/2019 - 28/09/2021, PL 10887/18 - Improbidade Administrativa: Suplente, 06/11/2019 - 13/10/2021, PEC 135/19 - Cédulas Físicas para Plebiscitos: Suplente, 12/05/2021 - 19/05/2021, PEC 032/21 - Idade Máxima Nomeação Membros Tribunais: Suplente, 30/11/2021 - 23/02/2022, PL 6461/19 - Estatuto do Aprendiz: Suplente, 01/12/2021 - 23/02/2022, PEC 032/21 - Idade Máxima Nomeação Membros Tribunais: Suplente, 23/02/2022 - 29/03/2022, PL 6461/19 - Estatuto do Aprendiz: Suplente, 23/02/2022 - 07/12/2022, PEC 024/19 - Despesas Instituições Federais Ensino: Suplente, 23/02/2022 - 31/01/2023, PEC 011/22 - Piso Salarial Nacional da Enfermagem: Suplente, 27/06/2022 - 14/07/2022, PL 3267/19 - Código de Trânsito Brasileiro: Titular, 10/09/2019 - 13/10/2020, PL 1645/19 - Proteção Social dos Militares: Titular, 29/10/2019 - 10/12/2019, PL 1440/19 - Fundo de Desenvolvimento Econômico: Titular, 31/10/2019 - 23/02/2022, PL 6072/19 - Programa Bolsa Família: Titular, 17/12/2019 - 23/02/2022, PEC 005/21 - Composição CNMP: Titular, 08/06/2021 - 30/10/2021, PL 1153/19 - Lei Pelé: Titular, 21/06/2021 - 23/02/2022, PL 7419/06 - Planos de Saúde: Titular, 29/06/2021 - 23/02/2022, PEC 383/17 - Sistema Único de Assistência Social: Titular, 23/09/2021 - 23/02/2022, PEC 517/10 - Autoriza Radioisótopos para Pesquisa: Titular, 23/09/2021 - 23/02/2022, PEC 162/19 - Permuta entre Juízes: Titular, 26/11/2021 - 23/02/2022, PL 6072/19 - Programa Bolsa Família: Titular, 23/02/2022 - 18/05/2022, PL 7419/06 - Planos de Saúde: Titular, 23/02/2022 - 31/01/2023, PEC 517/10 - Autoriza Radioisótopos para Pesquisa: Titular, 23/02/2022 - 05/04/2022, PEC 162/19 - Permuta entre Juízes: Titular, 23/02/2022 - 09/03/2022, PL 1153/19 - Lei Pelé: Titular, 23/02/2022 - 31/01/2023, PEC 383/17 - Sistema Único de Assistência Social: Titular, 23/02/2022 - 31/01/2023, PL 1440/19 - Fundo de Desenvolvimento Econômico: Titular, 23/02/2022 - 31/01/2023, PEC 390/14 - Aumenta Limite de Despesa com Pessoal: Titular, 05/12/2022 - 31/01/2023,
 COMISSÃO EXTERNA:
 Enfrentamento à Covid-19: Coordenador, 11/02/2020 - 31/01/2023, Titular, 11/02/2020 - 31/01/2023,
 GRUPO DE TRABALHO:
 GT - Anteprojeto Novo Código de Processo Penal: Titular, 02/07/2021 - 31/01/2023.
Estudos e Cursos Diversos:
 Residência médica em ortopedia e traumatologia, CREMERJ, 1998 - 2001.
Mandatos (na Câmara dos Deputados):
 Deputado(a) Federal - 2023-2027, RN, PL, Dt. Posse: 01/02/2023.
Filiações Partidárias:
 PP, 2025
COMISSÃO PERMANENTE:
 Comissão de Fiscalização Financeira e Controle - CFFC: Suplente, 06/12/2023 - 04/02/2024, Comissão de Turismo - CTUR: Suplente, 06/03/2024 - 07/03/2024, Comissão de Constituição e Justiça e de Cidadania - CCJC: Titular, 15/03/2023 - 04/02/2024, Comissão de Turismo - CTUR: Titular, 15/03/2023 - 04/02/2024, Comissão de Relações Exteriores e de Defesa Nacional - CREDN: Titular, 06/03/2024 - 12/03/2024, Comissão de Turismo - CTUR: Titular, 07/03/2024 - 31/01/2025, Comissão de Relações Exteriores e de Defesa Nacional - CREDN: Titular, 13/03/2024 - 31/01/2025, Comissão de Turismo - CTUR: Titular, 19/03/2025 - ,
 COMISSÃO PARLAMENTAR DE INQUÉRITO:
 CPI - Empresa Americanas S.A.: Titular, 17/05/2023 - 26/09/2023.
Mandatos Externos:
 Deputado(a) Estadual, RN, Partido: PMDB, Período: 1987 a 1990; Deputado(a) Estadual, RN, Partido: PMDB, Período: 1991 a 1994; Deputado(a) Estadual, RN, Partido: PFL, Período: 1995 a 1998; Deputado(a) Estadual, RN, Partido: PFL, Período: 1999 a 2002; Deputado(a) Estadual, RN, Partido: PFL, Período: 2003 a 2006; Deputado(a) Estadual, RN, Partido: PMN, Período: 2007 a 2010; Vice-Governador(a), RN, Partido: PSD, Período: 2011 a 2015; Governador(a), RN, Partido: PSD, Período: 2015 a 2019.
Atividades Profissionais e Cargos Públicos:
 Secretário de Estado do Meio Ambiente e Recursos Hídricos, Governo do Estado do Rio Grande do Norte, Natal, RN, 2011 - 2011.
Estudos e Cursos Diversos:
 Direito, Universidade Federal do Rio Grande do Norte, Natal, RN, 1977 - 1982.
Paranaense, engenheiro civil e corretor de imóveis. Casado com Angela Wandscheer, Toninho é pai de três filhos e avô de sete netos. Há mais de 30 anos está na vida pública. Foi prefeito de Fazenda Rio Grande (PR), por duas vezes, deputado estadual e está no terceiro mandato consecutivo.
Faz política comprometido em melhorar a vida das pessoas. É um deputado municipalista e trabalha para ajudar a resolver o problema das cidades, defender os interesses do Estado, atender as bases e fazer com que mais recursos cheguem aos municípios paranaenses
Pedro Westphalen (PP) é natural de Cruz Alta, médico – graduado em medicina desde 1976, iniciou sua carreira política como deputado estadual em 2002. Após 4 mandatos como deputado estadual, hoje exerce seu 1º mandato na Câmara Federal.
 Westphalen foi presidente da Assembleia Legislativa do Rio Grande do Sul, presidente da Comissão de Saúde e Meio Ambiente da Assembleia Legislativa, ajudou na reconstrução do IPE Saúde. Foi secretário Estadual da Ciência e Tecnologia e secretário dos Transportes do Rio Grande do Sul.
 Outubro de 2018 foi eleito deputado federal por 97.107 mil eleitores.
 Westphalen é vice-presidente da Confederação Nacional de Saúde, presidente da Frente Parlamentar de Imunização da Câmara dos Deputados e membro titular da Comissão Externa de Ações para o Combate ao Coronavírus.
Mandatos (na Câmara dos Deputados):
 Deputado(a) Federal - 1995-1999, PR, PFL, Dt. Posse: 01/02/1995; Deputado(a) Federal - 1999-2003, PR, PPB, Dt. Posse: 01/02/1999; Deputado(a) Federal - 2003-2007, PR, PPB, Dt. Posse: 01/02/2003; Deputado(a) Federal - 2007-2011, PR, PP, Dt. Posse: 01/02/2007; Deputado(a) Federal - 2015-2019, PR, PP, Dt. Posse: 01/02/2015; Deputado(a) Federal - 2019-2023, PR, PP, Dt. Posse: 01/02/2019; Deputado(a) Federal - 2023-2027, PR, PP, Dt. Posse: 01/02/2023.
Licenças:
 Licenciou-se do mandato de Deputado Federal, na Legislatura de 2007-2011, em Licença Conjunta Consecutiva, sendo 45 dias para tratamento de saúde e 76 dias para interesse particular, de 22 de dezembro de 2009 a 22 de abril de 2010; e em 1º de janeiro de 2011, para assumir o Cargo de Secretário da Indústria e Comércio do Pananá, assumindo como Suplente, o Deputado Íris Simões. Reassumiu em 10 de abril de 2018. Licenciou-se do mandato de Deputado Federal, na Legislatura de 2015-2019, para exercer o cargo de Ministro de Estado da Saúde, a partir de 12 de maio de 2016. Licenciou-se do mandato de Deputado(a) Federal, na Legislatura 2023-2027, para assumir o cargo de Secretário de Estado da Indústria, Comércio e Serviços, no estado do Paraná, a partir de 7 de Fevereiro de 2023. Reassumiu, em 22 de Novembro de 2023. Licenciou-se do mandato de Deputado(a) Federal, na Legislatura 2023-2027, para assumir o cargo de Secretário da Indústria, Comércio e Serviços, no estado do Paraná, a partir de 24 de Novembro de 2023. Reassumiu, em 3 de Dezembro de 2024. Licenciou-se do mandato de Deputado(a) Federal, na Legislatura 2023-2027, para assumir o cargo de Secretário da Indústria, Comércio e Serviços do estado do Paraná, a partir de 4 de Dezembro de 2024. Reassumiu, em 19 de Março de 2025.
Filiações Partidárias:
 PP, 2003 - 2018; PP, 2018
Atividades Partidárias:
 Atividade Partidária - Câmara dos Deputados
 Vice-Líder, PPB, 1997-1999; Vice-Presidente, Diretório Nacional do PPB, 1998; Vice-Líder do Governo, CD, 1999-2002- 30/05/2007-2008, 24/2/2015-22/4/2016; Líder do Governo, CN, 2002; Vice-Líder, PP, 2003-2005; 08/03/2007; 27/4/2010-; Presidente da Comissão Provisória PP, PR, 2008; Primeiro Vice-Presidente PP, 2007-09/09/2008; Vice-Líder, Bloco (PP, MDB, PTB), 11/09/2019 - 11/09/2019; Vice-Líder, Governo no CN, 20/11/2019 - 31/01/2023; Líder do Governo, 19/08/2020 - 06/01/2023.
COMISSÃO PERMANENTE:
 Comissão de Ciência, Tecnologia e Inovação - CCTI: Presidente, 19/03/2025 - , Comissão de Saúde - CSAUDE: Suplente, 19/03/2025 - , Comissão de Ciência, Tecnologia e Inovação - CCTI: Titular, 19/03/2025 - ,
 COMISSÃO ESPECIAL:
 PL 2338/23 - Inteligência Artificial: Titular, 20/05/2025 - ,
COMISSÃO PERMANENTE:
 Comissão de Saúde - CSAUDE: Suplente, 12/03/2019 - 03/02/2020, Comissão de Viação e Transportes - CVT: Suplente, 09/03/2021 - 02/02/2022, Comissão de Finanças e Tributação - CFT: Suplente, 10/03/2021 - 02/02/2022, Comissão de Viação e Transportes - CVT: Suplente, 27/04/2022 - 31/01/2023, Comissão de Fiscalização Financeira e Controle - CFFC: Titular, 12/03/2019 - 03/02/2020, Comissão de Saúde - CSAUDE: Titular, 09/03/2021 - 02/02/2022, 27/04/2022 - 31/01/2023,
 COMISSÃO ESPECIAL:
 PEC 034/19 - Orçamento Impositivo: Suplente, 07/05/2019 - 05/06/2019, PL 3261/19 - Atualiza o Marco do Saneamento Básico: Suplente, 27/08/2019 - 15/07/2020, PL 10887/18 - Improbidade Administrativa: Titular, 14/08/2019 - 13/10/2021, PEC 032/20 - Reforma Administrativa: Titular, 09/06/2021 - 23/02/2022, 23/02/2022 - 31/01/2023,
CÂMARA DOS DEPUTADOS - 55ª Legislatura:
COMISSÃO PERMANENTE:
 Comissão de Relações Exteriores e de Defesa Nacional - CREDN: Suplente, 03/03/2015 - 25/03/2015, Comissão de Finanças e Tributação - CFT: Suplente, 05/03/2015 - 30/03/2015, Comissão de Constituição e Justiça e de Cidadania - CCJC: Suplente, 12/03/2015 - 02/02/2016, Comissão de Trabalho - CTRAB: Suplente, 16/04/2015 - 02/02/2016, Comissão de Constituição e Justiça e de Cidadania - CCJC: Suplente, 03/05/2016 - 06/12/2016, Comissão de Trabalho - CTRAB: Suplente, 03/05/2016 - 02/02/2017, Comissão de Viação e Transportes - CVT: Suplente, 11/04/2018 - 31/01/2019, Comissão de Constituição e Justiça e de Cidadania - CCJC: Titular, 03/03/2015 - 12/03/2015, Comissão de Finanças e Tributação - CFT: Titular, 30/03/2015 - 02/02/2016, 03/05/2016 - 02/02/2017, Comissão de Saúde - CSAUDE: Titular, 11/04/2018 - 31/01/2019,
 COMISSÃO ESPECIAL:
 PEC 070/11 - PROCESSO DE APRECIAÇÃO DE MP: Suplente, 17/03/2015 - 31/01/2019, PL 3722/12 - DESARMAMENTO: Suplente, 18/03/2015 - 31/01/2019, LICITAÇÕES (LEI 8666/1993): Suplente, 30/03/2015 - 31/01/2019, PL 4238/12 - PISO SALARIAL DE VIGILANTES: Titular, 18/03/2015 - 31/01/2019,
 COMISSÃO PARLAMENTAR DE INQUÉRITO:
 CPI - PETROBRAS: Suplente, 25/02/2015 - 22/10/2015, CPI - BNDES: Suplente, 06/08/2015 - 25/02/2016,
 CONSELHO:
 Conselho de Ética e Decoro Parlamentar: Titular, 12/03/2015 - 17/05/2016.
 CÂMARA DOS DEPUTADOS - Legislaturas anteriores à 54ª
 COMISSÕES PERMANENTES: Agricultura, Pecuária, Abastecimento Desenvolvimento Rural: Suplente, 3/2006-1/2007; Ciência e Tecnologia, Comunicação e Informática: Titular, -3/2005, 3/2005-3/2006, 3/2006-1/2007; Constituição e Justiça e de Cidadania: Suplente, 3/2005-3/2006, 14/2/2007-6/2/2008, 28/2/2008-2/2/2009, 4/3/2009-1/2/2010; Constituição e Justiça e de Redação: Suplente; Defesa do Consumidor, Meio Ambiente e Minorias: Suplente; Desenvolvimento Urbano e Interior: Titular; Educação, Cultura e Desporto: Titular; Fiscalização Financeira e Controle: Titular-; Finanças e Tributação: Titular, 4/3/2009-1/2/2010, 29/4/2010-; Minas e Energia: Titular e Suplente, -3/2005; Segurança Pública e Combate ao Crime Organizado: Suplente, 3/2005-3/2006; Trabalho, Administração e Serviço Público: Titular- e Suplente; Viação e Transportes: Titular, 14/2/2007-6/2/2008, 4/3/2008-2/2/2009, e Suplente, 4/3/2009.
 COMISSÕES ESPECIAIS: Atualização da Legislação Eleitoral e Partidária: Suplente; Fixação do Salário Mínimo: Suplente; PEC nº 003/07, Férias Coletivas Juízos e Tribunais:Suplente, 16/4/2009-; PEC nº 9/95, Incentivo ao Turismo: Relator e Titular; PECn º 31/07, Reforma Tributária: Suplente, 20/11/2008-; PEC nº 33/99, Juízes Classistas: Suplente; PEC nº 136/99, Inativos: Suplente-; PEC nº 157/03, Revisão Constitucional: Suplente, 1/2006-; PEC nº 188/94, Anistia dos Militares: Suplente; PEC nº 233/95, Educação: Suplente; PEC nº 351/09, Regime de Pagamento de Precatórios: Suplente, 16/9/2009-; PEC nº 370/96, Autonomia das Universidades: Titular; PEC nº 383/96, Censor Federal: Suplente; PEC nº 513/97, Poderes de Investigação para Perda de Mandato: Titular; PEC nº 526/97, Habeas Corpus: Suplente; PEC nº 637/99, Prorrogação da CPMF: Suplente; PL 146/03, Licitações e Contratos: Titular-; PL nº 1.210/95, Política Nacional do Petróleo: Suplente; PL nº 2.316/03, Código Brasileiro de Combustíveis: Titular, 4/2005-; PL nº 2452, Código Brasileiro de Aeronáutica: Suplente, 11/3/2009-; PL nº 2.546/03, Parceria Público-Privada: Suplente; PL nº 2.648/96, Telecomunicações: Titular; PL nº 3.337/04, Agências Reguladoras: 2º Vice-Presidente- e Titular-; PL nº 3.476/04, Lei das Inovações: Suplente-; PL nº 3.710/93, Código de Trânsito Brasileiro: Titular; PL nº 3.937/04, Cade e Defesa da Concorrência: Suplente, 10/5/2007-; PL nº 5.403/01, Acesso à Internet: Suplente, 3/2005-; PL nº 7.161/06, Sistema Único de Consórcios: Suplente, 2/4/2008-16/4/2008; Reforma Política: Suplente.
 COMISSÕES EXTERNAS: Prostituição Infantil e Escravidão de Menores na Fronteira com o Paraguai: Titular e Suplente.
 CPIs: Escutas Telefônicas Clandestinas: Titular, 13/12/2007-3/4/2008, Suplente, 3/4/2008-12/5/2009; Pirataria de Produtos Industrializados: Suplente-; Privatização Setor Elétrico: Suplente-; PROER: Suplente; Setor de Combustíveis: Titular.
 FRENTES PARLAMENTARES: Frente Parlamentar Mista em Defesa do Aqüífero Guarani; Frente Parlamentar Mista em Defesa da Cultura; Frente Parlamentar Mista Brasil- Áustria; Frente Parlamentar Mista pelo Desenvolvimento Sustentável; Frente Parlamentar Mista pela Extensão Rural Brasileira; Frente Parlamentar Mista da Habitação; Frente Parlamentar Mista em Defesa do Carvão Mineral ; Frente Parlamentar Mista dos Direitos do Contribuinte; Presidente da Frente Parlamentar das Agências Reguladoras; Frente Parlamentar de Energia; Frente Parlamentar em Defesa da Assistência Social; Frente Parlamentar em Defesa da Criança e do Adolescente; Frente Parlamentar em Defesa do Turismo; Frente Parlamentar do Cooperativismo - FRENCOOP; Frente Parlamentar de Apoio à Agropecuária; Frente Parlamentar de Pesca e Agricultura; Frente Parlamentar da Pesca e Aquicultura; Frente Parlamentar em Defesa da Infra-estrutura Nacional; Frente Parlamentar das Indústrias Têxteis e de Confecções; Frente Parlamentar em Apoio ao Desenvolvimento Sustentado do Setor de Papel e Celulose do Brasil; Frente Parlamentar em Defesa da Indústria Aeronáutica Brasileira; Frente Parlamentar de Transporte Público; Frente Parlamentar de Apoio a Agropecuária; Núcleo Parlamentar de Estudos Contábeis e Tributários; Frente Parlamentar de Mobilização pela Engenharia; Frente Parlamentar da Saúde; Frente Parlamentar Ambientalista; Frente Parlamentar Pró-Biocombustíveis; Frente Parlamentar de Apoio aos Agentes Comunitários de Saúde e Agentes de Combate às Endemias; Frente Parlamentar Brasil-Peru; Frente Parlamentar Brasil- Taiwan; Frente Parlamentar a Pirataria e Sonegação Fiscal; Frente Parlamentar da Auditoria da Dívida Pública; Frente Parlamentar da Fruticultura; Frente Parlamentar em Defesa da Educação Superior; Frente Parlamentar de Desenvolvimento Urbano; Frente Parlamentar da Informática; Frente Parlamentar da Juventude; Frente Parlamentar em Defesa das Santas Casas de Misericórdia, Hospitais e Entidades Filantrópicas na Área de Saúde; Frente Parlamentar em Defesa do Planejamento Familiar; Frente Parlamentar em Defesa das Cidades de Regiões Metropolitanas e Aglomerações Urbanas; Frente Parlamentar em Defesa da Justa Partilha das Contribuições Federais; Frente Parlamentar em Defesa das Políticas Públicas para a Juventude; Frente Parlamentar de Defesa da Educação Profissional; Frente Parlamentar em Defesa da Ciência e Tecnologia e Inovação; Frente Parlamentar em Defesa do Parlamentarismo; Frente Parlamentar em Defesa do Piso Salarial Nacional do Professor Brasileiro; Frente Parlamentar em Defesa do Estado do Rio de Janeiro; Frente Parlamentar em Defesa das Instituições Universitárias Públicas; Frente Parlamentar em Defesa do Serviço Público; Frente Parlamentar em Defesa do Voto Aberto; Frente Parlamentar em Defesa do Rio São Francisco; Frente Parlamentar em Defesa dos Vereadores; Frente Parlamentar pela Lei de responsabilidade Social - LRS; Pastoral Parlamentar Católica; Frente Parlamentar Contra o Câncer; Frente Parlamentar da Micro e Pequena Empresa; Frente Parlamentar Municipalista; Frente Parlamentar de Petróleo e Gás; Frente Parlamentar da Radiodifusão; Frente Parlamentar da Regulamentação dos Produtos de Origem Natural para a Promoção da Saúde; Frente Parlamentar da Reforma Política com Participação Popular; Frente Parlamentar em Defesa do Transporte de Carga; Frente Parlamentar de Usuário de Transporte de Cargas - FRENUT; Frente Parlamentar pelo Fortalecimento da Mídia Regional; Frente Parlamentar da Fruticultura Brasileira, Ambientalista para o Desenvolvimento Sustentável; Brasil-Itália: Presidente; Agricultura; Cultura; Livre Iniciativa; Esporte: Coordenador; Nacional das Micro e Pequenas Empresas; Nacional em Defesa da Indústria Têxtil e do Vestuário; Fim da Exploração Sexual de Crianças e Adolescentes e do Sexo-Turismo; Saúde; SOS Rodovias. Grupos Parlamentares: Brasil-Ucrânia: Presidente; Defesa da Agricultura Familiar e do Assalariado Rural; Municipalista. Movimento de Consciência Política.
 GRUPOS PARLAMENTARES: Grupo Parlamentar Brasil-Estados Unidos da América; Grupo Parlamentar Brasil-Rússia; Grupo Parlamentar Brasil-Japão; Grupo Parlamentar Brasil-Alemanha; Grupo Parlamentar Brasil--Taiwan; Grupo Cooperação e Amizade Emirados Árabes-Brasil; Grupo Parlamentar Brasil-Reino Unido; Grupo Parlamentar Brasil-República Popular da China; Grupo Parlamentar Brasil-Espanha; Grupo Parlamentar Brasil-Países Árabes; Grupo Parlamentar Municipalista; Grupo Parlamentar Brasil-Croácia; Grupo Parlamentar Brasil-Ucrânia; Grupo Pró-Congresso; Grupo Parlamentar Brasil-Argélia; Grupo Parlamentar Brasil-Finlândia; Grupo Brasileiro da União Interparlamentar; Grupo Parlamentar Brasil-França; Presidente do Grupo Parlamentar Brasil-Itália, Grupo Parlamentar Brasil-Cuba.
CONGRESSO NACIONAL
 COMISSÕES MISTAS: Comissão Mista de Planos, Orçamentos Públicos e Fiscalização: Titular e Suplente; Comissão Mista Instituição do SIMPLES: Titular; Comissão Mista especial destinada a Acompanhar, Monitorar e Fiscalizar as Ações Referentes às Mudanças Climáticas no Brasil: Membro.
Mandatos Externos:
 Prefeito(a), Maringá, PR, Partido: PFL, Período: 1989 a 1993.
Atividades Profissionais e Cargos Públicos:
 Sócio-Proprietário, Rádio FM, Maringá, PR, 1982 - 1985; Sócio e Diretor-Presidente, Pieta Engenharia Associados, Maringá, PR, 1986 - 1987; Sócio-Proprietário, Magalhães Barros Radiodifusão, Maringá, PR, 1989 - 1992; Sócio-Proprietário, Rádio Jornal, Maringá, PR, 1989 - 1991; Secretário de Indústria, Comércio e Assuntos do Mercosul, Governo do Estado, Curitiba, PR, 2011 - 2014; Ministro da Saúde , Ministério da Saúde, Brasília, DF, 2016 - 2018.
Atividades Sindicais Representativas de Classe Associativas e Conselhos:
 Vice-Presidente, Federação das Indústrias do Estado , Curitiba, PR; Membro, Conselho Superior Infraestrutura da Federação da Indústria , São Paulo, SP, 2008 - 2010; Presidente, Conselho Nacional dos Secretários e Desenvolvimento Econômico , Brasília, DF, 2011 - 2012; Membro, Conselho da Junta Comercial , Curitiba, 2013 - 2013.
Estudos e Cursos Diversos:
 Engenharia Civil, Universidade Estadual de Maringá , Maringá, PR, 1977 - 1981; Políticas Públicas, Universidade Federal , Rio de Janeiro, RJ, 1999 - 2000.
Obras Publicadas:
 De Olho no Dinheiro do Brasil. Orçamento da União, agora você pode participar: 24 X7 Cultural, 2007.
Deputado Federal pelo Progressistas (PP- GO) 2019-2022; Grande municipalista, e em especial, um grande parceiro dos municípios da região.
 Secretário Geral do Progressistas Goiás 2018 – até o presente momento; Presidente Estadual do Partido Trabalhista Nacional (Podemos) 2016-2017;
 Secretário Parlamentar e Chefe de Gabinete do Ex- Deputado federal Alexandre Baldy/ PSDB GO 2015-2017;
 Secretário Parlamentar e Chefe de Gabinete do Ex-Deputado federal Sandro Mabel, entre 2002 a 2015.
Afonso Hamm é engenheiro agrônomo e produtor rural. Em seu quarto mandado como deputado federal pelo estado do Rio Grande do Sul, defende as bandeiras da agricultura e saúde.
Aguinaldo Ribeiro é paraibano, natural de Campina Grande. Está no terceiro mandato como deputado Federal pelo partido Progressistas. Foi líder da bancada na Câmara de agosto de 2011 até assumir o Ministério das Cidades de fevereiro de 2012 até 2014, quando se desincompatibilizou para disputar o segundo mandato como deputado federal. Reeleito, foi líder do PP na Câmara dos Deputados, pela segunda vez, entre 2016 e 2017. Deixou o cargo para ser líder do Governo na Câmara entre março de 2017 a janeiro de 2019. Neste período, foi reconhecido como importante articulador político. Reeleito pela terceira vez, Aguinaldo Ribeiro foi líder da Maioria na Câmara dos Deputados entre 2019 a 2021, com atuação em matérias importantes para o desenvolvimento econômico e social do país. Ao mesmo tempo, promoveu durante dois anos debates, audiências públicas e articulações com prefeitos, governadores e diversos setores econômicos do país como relator da Reforma Tributária das PECs 45/19 e 110/19. O relatório, concluído em maio de 2021, propôs uma ampla mudança tributária no país. Deixou a Liderança da Maioria na Câmara e assumiu, em março de 2021, a Liderança da Maioria no Congresso Nacional, em exercício atualmente.
Antônio José Aguiar Albuquerque (Fortaleza, 26 de setembro de 1983) é um empresário e político brasileiro, filiado ao Progressistas (PP). Em 2018, foi eleito deputado federal pelo Ceará com 132.319 votos. Bacharel em Direito pela Universidade de Fortaleza (Unifor), com especialização em Gestão Pública pela Universidade de Lisboa, mestrando em Ciências Políticas pela Universidade de Lisboa. Foi prefeito do município de Massapê no período de 2013-2016, e Secretário Regional da Prefeitura Municipal de Fortaleza (CE) entre 2017-2018.
ASSINE NOSSA"
REDE SUSTENTABILIDADE,954,1.0,NOTA PUBLICA PSOL/REDE – Atentado Criminoso a Casal de Ambientalistas em Santa Catarina | REDE Sustentabilidade 18,2022-07-04,https://redesustentabilidade.org.br/nota-publica-psol-rede-atentado-criminoso-a-casal-de-ambientalistas-em-santa-catarina/,"NOTA PUBLICA PSOL/REDE – Atentado Criminoso a Casal de Ambientalistas em Santa Catarina | REDE Sustentabilidade 18. No dia 28 de junho de 2022 Germano Woehl e Elza Nishimura Woehl foram vítimas de um atentado, com disparos de arma de fogo contra a residência do casal na cidade de Guaramirim, Santa Catarina. Germano e Elza são ambientalistas, proprietários da RPPN Santuário Rã-bugio.
Por meio de programas de educação ambiental desenvolvem diversos projetos que visam a proteção dos remanescentes de Mata Atlântica que, apesar de reduzidos, ainda resguardam uma das mais ricas biodiversidades do planeta e fornecem serviços ambientais indispensáveis para a população.
O Brasil tem se destacado negativamente como um país extremamente perigoso para defensores do ambiente e de causas sociais. Nos últimos anos essa ameaça se intensificou com o próprio governo estimulando o armamento da população e acirrando o clima de conflito entre segmentos da população das cidades e do campo.
Como ambientalistas ativistas Elza e Germano ajudam no monitoramento dos remanescentes de Mata Atlântica, alertando e promovendo denúncias de crimes ambientais. Por certo a insatisfação dos predadores da floresta com o trabalho do casal está na raiz da motivação de mais este atentado. Importante destacar que esse não é o primeiro que eles sofrem.
Felizmente o casal Woehl não foi atingido; Germano estava fora de casa e Elza no piso superior da casa, que não foi atingido pelos disparos. Acionada a Policia Militar fez rondas pelos arredores, encontrou cápsulas de munição calibre 12, porém não localizou o autor dos disparos que, segundo relatos de vizinhos, se evadiu numa motocicleta.
O PSOL e a REDE Sustentabilidade de Santa Catarina externam sua enorme apreensão com essa escalada crescente de violência no Estado e no País, assim como sua total e irrestrita solidariedade ao casal Elza e Germano, repudiando de maneira veemente mais esse intolerável episódio.
É imperativo que todos os esforços sejam envidados na apuração e punição dos autores desse atentado. Não podemos mais tolerar que este cenário, de absoluta insegurança e risco àqueles que se dedicam à defesa do meio ambiente e dos interesses difusos da coletividade, se perpetue. É preciso dar um basta definitivo nesse quadro lastimável, coibindo de forma exemplar esses atentados através da rigorosa e ágil apuração de responsabilidade e aplicação da punição legal prevista.
Florianópolis, 02 de julho de 2022
Mário Dutra (PSOL/SC) Wigold B. Schaffer (REDE/SC)"
REPUBLICANOS,979,0.985517,Ronaldo Martins comemora lei que torna porte de arma de uso restrito crime hediondo,2017-10-29,https://republicanos10.org.br/noticias/ronaldo-martins-comemora-lei-que-torna-porte-de-arma-de-uso-restrito-crime-hediondo/,"Ronaldo Martins comemora lei que torna porte de arma de uso restrito crime hediondo. Na avaliação do parlamentar, Lei 13.497/2017 representa um avanço contra a criminalidade
Publicado em 29/10/2017 - 00:00
Brasília (DF) – O deputado federal Ronaldo Martins (PRB-CE) comemorou a sanção da Lei 13.497/2017 que inclui o crime de posse ou porte ilegal de arma de fogo de uso restrito no rol dos crimes hediondos. O republicano participou ativamente da discussão da matéria na Comissão de Segurança Pública e Combate ao Crime Organizado da Câmara.
“Os crimes hediondos são tratados de forma mais severa pela Justiça por serem considerados mais graves. Participei do debate desta importante matéria para o nosso país como titular da Comissão de Segurança Pública da Câmara dos Deputados. Sabemos que os bandidos estão cada vez mais armados e o cidadão de bem, muitas vezes, paga com a própria vida. A sanção da lei é uma vitória contra a criminalidade”, disse Ronaldo.
Martins acredita que a proposta de autoria do ex-senador e atual prefeito do Rio de Janeiro, Marcelo Crivella (PRB-RJ), se constitui, no momento, em uma possível solução para reduzir a prática de crimes, o que resultará na melhoria da segurança pública em nosso país.
O parlamentar também foi autor do Requerimento 3494/2015 para que a matéria tramitasse sozinha e, assim, sua aprovação fosse mais rápida.
Texto: Mônica Donato / Ascom – Liderança do PRB na Câmara
 Foto: Douglas Gomes
Eu repórter republicano
Quer ser um repórter republicano e ver sua matéria publicada no Portal PRB? É muito simples. A Agência PRB Nacional disponibiliza um contato direto para receber todo o conteúdo (textos e fotos). Anote aí o e-mail: [email protected]. Viu como é fácil? Agora é só participar e nos ajudar a manter esse canal sempre atualizado."
SOLIDARIEDADE,1040,0.9781271,Tráfico de pessoas: crime e violação aos direitos humanos,2021-07-30,https://solidariedade.org.br/2021/07/30/trafico-de-pessoas-crime-e-violacao-aos-direitos-humanos/,"Tráfico de pessoas: crime e violação aos direitos humanos. Notícias
A pandemia ocasionada pela Covid-19 afetou a vida financeira, saúde física e emocional das pessoas, e fez com que alguns, em busca de esperança por dias melhores, ficassem mais suscetível a falsas promessas. Por isso, houve aumento do tráfico de pessoas e o trabalho escravo mundo afora.
Para Gilmária Oliveira dos Santos, secretária estadual da Mulher do Solidariedade e coordenadora regional da Educação em Salvador (BA), a promessa por obter melhores condições de vida faz com que vários riscos sejam aceitos para fugir da realidade atual. “O problema é que nem sempre as promessas são verdadeiras e boa parte delas são configuradas como tráfico de pessoas, onde os sonhos são substituídos por trabalho escravo e até exploração sexual”.
Quem são as vítimas do tráfico humano
Definido como crime e uma grave violação dos direitos humanos, o tráfico de pessoas é o recrutamento, transporte, transferência ou receptação, com ameaça, uso da força ou outras formas de coerção, seja rapto, fraude, engano, abuso de poder, situação de vulnerabilidade, concessão, recebimento de pagamentos ou benefícios para obter o consentimento de uma pessoa que tem autoridade sobre outra para fins de exploração.
Identificar as vítimas de tráfico é uma tarefa difícil, afinal, elas são frequentemente exploradas em setores ilegais, informais ou não regulamentados, sejam por meio de pequenos delitos, indústria do sexo, ambientes domésticos, cultivo de drogas e tráfico, agricultura e construção; sem contar que muitas vezes, por medo, falta de vontade, coragem ou oportunidade as vítimas não denunciam seus agressores, além do que, por trabalharem de forma organizada, esses aliciadores organizam o crime de modo a esconder suas operações à vista da sociedade e nossa capacidade limitada não nos permite diagnosticar os olhares maldosos por trás de “boas atitudes”.
Entre as principais causas para que haja o aliciamento de pessoas estão a ausência de oportunidades de trabalho, a discriminação de gênero, a emigração indocumentada e o turismo sexual.
Tráfico humano se agrava na pandemia
Segundo relatório do UNODC (Escritório das Nações Unidas sobre Droga e Crime), com o fechamento das fronteiras terrestres, marítimas e aéreas por conta da pandemia, a prática do crime aumentou drasticamente. Dados apontam que o tráfico de pessoas movimenta mais de 30 bilhões de dólares e exploram cerca de 2,5 milhões de pessoas no mundo. Para Gilmária, “neste momento onde todas as atenções estão voltadas a uma pandemia mundial causada pela Covid-19, a preocupação com o tráfico de seres humanos é ainda maior”.
De acordo com as Nações Unidas, praticamente todos os países do mundo são afetados pelo crime de tráfico de pessoas, seja como país de origem, trânsito ou destino das vítimas. Ainda, os dados publicados indicam que as mulheres representam 49% e as meninas 23% de todas as vítimas de tráfico, sendo 83% mulheres pobres e com baixa escolaridade. A exploração sexual é a forma mais comum de abuso (59%), seguida do trabalho forçado (34%).
O tráfico de pessoas é a terceira maior atividade ilegal do mundo, superada apenas pelo tráfico de drogas e armas.
O que fazer?
De acordo com Gilmária, para que o tráfico de pessoas seja combatido de forma efetiva, é necessário que a Secretaria Nacional de Justiça se una ao Ministério da Educação para que em conjunto desenvolvam ações que de fato cheguem às crianças, jovens, famílias e toda sociedade com reais possibilidades de combate, justiça social e garantia dos direitos humanos.
Além do que, é necessário treinar o olhar de nossa sociedade para que sejam denunciados de forma segura todo e qualquer caso suspeito, seja por meio do Disque 100 (violação de direitos humanos), do Disque 180 (violações contra mulheres) ou no site do Ministério Público do Trabalho: www.mpt.mp.br
O Solidariedade defende a priorização do SGD (Sistema de Garantia de Direitos), sejam para crianças, jovens, mulheres ou adultos; a erradicação do trabalho infantil; o combate à exploração sexual nos destinos turísticos brasileiros; e todo e qualquer tipo de violência contra os cidadãos, além de apoiarmos o aumento de medidas punitivas para quem cometa tais crimes."
UNIDADE POPULAR,1045,0.98452157,RESOLUÇÃO POLÍTICA DA EXECUTIVA NACIONAL DA UP – julho de 2025,2024-09-18,https://unidadepopular.org.br/blog/resolucao-politica-da-executiva-nacional-da-up-julho-de-2025,"RESOLUÇÃO POLÍTICA DA EXECUTIVA NACIONAL DA UP – julho de 2025. Vivemos um momento de crise do capitalismo, cheio de contradições, como as guerras,
devastações do meio ambiente, exploração desumana dos trabalhadores pelo mundo, mas
também de revoltas, greves, motins e revoluções. Dessa maneira, podemos observar que:
- O aprofundamento da crise econômica do capitalismo leva ao acirramento das contradições interimperialistas, como demonstra o avanço da guerra sem fim na Ucrânia iniciada em 24 de fevereiro de 2022; o genocídio contra o povo palestino que já fez mais de 60 mil vítimas e as agressões de Israel e EUA contra o Irã e agora a Síria. Os EUA, que sempre financiaram Israel lucrando com o massacre palestino, tiveram agora que arremessar seus próprios misseis e sofreram retaliações do Irã;
- Em 12 dias de bombardeios ao Irã, com a intenção de derrubar o regime do país, os EUA e Israel experimentaram uma dura reação iraniana e tiveram que recuar, aceitando um cessar-fogo, com gosto de derrota. Porém, a suspensão dos bombardeios não significa o fim do conflito, pelo contrário, é um esforço da burguesia para iludir o povo com um suposto “fim da guerra” e seguir adiante com novas ofensivas para conquistar novas fontes de matérias primas e ocupar territórios estratégicos;
- Vai ficando cada vez mais evidente que o imperialismo norte-americano é o principal articulador e financiador da morte de mais de 60 mil palestinos, visto que o holocausto promovido por Israel só é possível com as armas e dinheiro fornecidos pelos EUA. O plano de Trump e do imperialismo para a Palestina é anexar gaza, assassinar e expulsar todo seu povo, roubar as riquezas de petróleo e gás, assumir um território estratégico e ainda construir resorts para a grade burguesia;
- Muitas das armas de fabricação israelense que matam o povo palestino são exportadas para o Brasil para reforçar o genocídio do povo negro e pobre nas periferias. Ao governo brasileiro não basta reconhecer em palavras o genocídio que ocorre na Palestina, é necessário o rompimento das relações comerciais e militares com o estado fascista sionista de Israel.
- O fascista Donald Trump promove a guerra contra o Irã porque este país apoia a criação do Estado Palestino e é aliado da China. EUA e Israel justificam os bombardeios ao Irã dizendo que querem impedir o país de desenvolver arma nuclear, semelhante ao que fizeram para ocupar o Iraque, acusando-o de possuir armas químicas. Porém, são os EUA os maiores detentores de armamentos nucleares e pressionam seus aliados da OTAN a investirem 5% do PIB em armas de destruição em massa;
- A Rússia só chegará a um cessar fogo com a Ucrânia com a condição de que a parte do território atualmente ocupada seja declarado território russo. Como esta condição não é aceita pelos EUA e Ucrânia, a guerra não cessará e a Rússia continuará a ofensiva para conquistar todo o território ucraniano;
- Rússia e China se articulam em blocos e alianças que vão desde o BRICS, a OCX (Organização para Cooperação de Xangai) que juntos mobilizam quase a metade da população mundial e possuem poderoso arsenal atômico. Por isso, devemos compreender que as potências imperialistas ameaçam a humanidade e caminham para uma 3ª Guerra Mundial, que só poderá ser barrada por revoluções socialistas no mundo;
- Vai se tornando cada vez mais claro que a crise que se aprofunda levará a choques cada vez mais violentos entre as potências e seus monopólios. Os choques na diplomacia e na política, vão se traduzindo e se transformando em guerras comerciais com taxações de 50% e até 100% e avançam também para terreno militar, com uma forte corrida armamentista em curso;
- A taxação em 50% dos produtos do povo brasileiro que são exportados aos EUA – muito além de uma retaliação a uma aliança do Brasil com a China e ao bloco de países BRICS – é uma grande intromissão estrangeira nos assuntos internos do Brasil e representa um ataque a nossa soberania. Com essa medida, o presidente estadunidense Donald Trump quer ditar as relações internacionais do Brasil e ainda justificou suas ações declarando apoio escancarado à tentativa de golpe militar fascista de 8 de janeiro de 2023, defendendo liberdade para o fascista Jair Bolsonaro.
- Ações como estas são um ataque vil a soberania do nosso país. Demonstra, categoricamente, o apoio dos EUA ao golpe do 8 de janeiro, que tentou colocar em xeque a decisão do povo brasileiro nas eleições. Demonstra também que querem desestabilizar a economia brasileira para abrir espaço para novas tentativas golpistas. Mas o tiro saiu pela culatra, pelo menos no momento;
- De fato, o governo Lula, mesmo mantendo uma política econômica de favorecimento aos ricos, com bilionárias isenções fiscais e a manutenção de altas taxas de juros, conseguiu aproveitar a situação para fazer discursos anti-Trump e em defesa da soberania, estabilizando e aumentando sua aceitação nas pesquisas eleitorais. De fato, o povo brasileiro identificou nesse processo a necessidade de defender o Brasil e sua soberania frente aos ataques do imperialismo norte-americano. Significa que o povo brasileiro repudia e não aceita intervenção estrangeira no Brasil;
- Mas, a prioridade da politica fiscal do Governo Federal tem a intenção de aumentar a arrecadação em R$ 12 bilhões mantendo o Teto de Gastos, chamado agora de arcabouço fiscal. Com essa política, o governo pretende continuar pagando R$ 1,9 trilhão de juros e amortizações da dívida pública e seguir dando isenções fiscais no montante de R$ 800 bilhões ao agronegócio. Ao realizar ajustes fiscais, cortes nos orçamentos dos serviços públicos, arrocho salarial, o governo se torna cada vez mais frágil e suscetível a golpes da extrema direita. Afinal, entregaram 12 ministérios a partidos do Centrão e elegeram membros desses partidos para presidir a Câmara e o Senado, o que não impediu as duras derrotas no congresso;
- É importante compreendermos que o caminho da conciliação e apoio a grande burguesia, é o um caminho do fracasso, da ampliação da dependência nacional e do aumento da exploração da classe trabalhadora brasileira. Vivemos um período em que é necessário lutarmos por medidas de ruptura das cadeias com o imperialismo;
- . Sem uma política que rompa com os pagamentos da dívida pública, que retome as estatais que foram privatizadas, que socialize todos os recursos naturais e riquezas do país, seguiremos sendo explorados e oprimidos pelos países imperialistas. Não será se juntando com outros blocos de países capitalistas, diversificando a dependência agora travestida de “multipolarismo”, que vamos conquistar a verdadeira soberania;
 Executiva Nacional da Unidade Popular
20 de julho de 2025"
